time_s,self_x,self_y,self_z,target_x,target_y,target_z,dist_m,los_angle_v,los_angle_z,d_v_angle_v,d_v_angle_z,ex,ey,vx,vy,vz,detect_w,state
1778392082.5339,-0.0247,-0.0022,5.3489,-7.5551,22.9477,4.9767,24.1567,0.0000,0.0000,0.0000,0.0000,0.0000,0.0000,-0.0075,0.0153,-0.3288,35,2
1778392082.5439,-0.0247,-0.0022,5.3489,-7.5551,22.9477,4.9767,24.1567,0.0221,-0.3932,0.0221,-0.3932,459.5000,28.5000,-0.0075,0.0153,-0.3269,35,2
1778392082.5539,-0.0247,-0.0022,5.3489,-7.5551,22.9477,4.9767,24.1567,0.0221,-0.3932,0.0221,-0.3932,459.5000,28.5000,-0.0076,0.0153,-0.3249,35,2
1778392082.5639,-0.0289,0.0014,5.3797,-7.6179,22.9154,4.9851,24.1412,0.0221,-0.3932,0.0221,-0.3932,459.5000,28.5000,-0.0077,0.0151,-0.3228,36,2
1778392082.5739,-0.0289,0.0014,5.3797,-7.6179,22.9154,4.9851,24.1412,0.0250,-0.3966,0.0221,-0.3932,465.0000,32.5000,-0.0076,0.0141,-0.3090,36,2
1778392082.5839,-0.0289,0.0014,5.3797,-7.6179,22.9154,4.9851,24.1412,0.0250,-0.3966,0.0221,-0.3932,465.0000,32.5000,-0.0076,0.0141,-0.2955,36,2
1778392082.5939,-0.0272,0.0025,5.4062,-7.6798,22.8878,4.9523,24.1351,0.0380,-0.3966,0.0221,-0.3932,465.0000,32.5000,-0.0076,0.0145,-0.2785,36,2
1778392082.6039,-0.0272,0.0025,5.4062,-7.6798,22.8878,4.9523,24.1351,0.0380,-0.3966,0.0221,-0.3932,465.0000,32.5000,-0.0078,0.0158,-0.2588,37,2
1778392082.8439,-0.0128,0.0352,5.4171,-8.0944,22.7191,4.9659,24.0847,0.0380,-0.3966,0.0221,-0.3932,465.0000,32.5000,-0.1687,0.4309,0.2674,-1,2
1778392082.8539,-0.0128,0.0352,5.4171,-8.0944,22.7191,4.9659,24.0847,0.0380,-0.3966,0.0221,-0.3932,465.0000,32.5000,-0.1891,0.4736,0.2869,-1,2
1778392082.8639,-0.0270,0.0452,5.3903,-8.1522,22.6886,4.9587,24.0610,0.0380,-0.3966,0.0221,-0.3932,465.0000,32.5000,-0.1995,0.4951,0.2960,-1,2
1778392082.8739,-0.0270,0.0452,5.3903,-8.1522,22.6886,4.9587,24.0610,0.0380,-0.3966,0.0221,-0.3932,465.0000,32.5000,-0.2100,0.5166,0.3042,-1,2
1778392082.8839,-0.0270,0.0452,5.3903,-8.1522,22.6886,4.9587,24.0610,0.0380,-0.3966,0.0221,-0.3932,465.0000,32.5000,-0.2207,0.5383,0.3112,-1,2
1778392082.8939,-0.0233,0.0549,5.4087,-8.2074,22.6636,4.9478,24.0488,0.0380,-0.3966,0.0221,-0.3932,465.0000,32.5000,-0.2427,0.5817,0.3230,-1,2
1778392082.9039,-0.0233,0.0549,5.4087,-8.2074,22.6636,4.9478,24.0488,0.0380,-0.3966,0.0221,-0.3932,465.0000,32.5000,-0.2539,0.6036,0.3282,-1,2
1778392082.9139,-0.0233,0.0549,5.4087,-8.2074,22.6636,4.9478,24.0488,0.0380,-0.3966,0.0221,-0.3932,465.0000,32.5000,-0.2651,0.6254,0.3331,-1,2
1778392082.9240,-0.0274,0.0792,5.3878,-8.2746,22.6371,4.9665,24.0219,0.0380,-0.3966,0.0221,-0.3932,465.0000,32.5000,-0.2764,0.6473,0.3377,-1,2
1778392082.9339,-0.0274,0.0792,5.3878,-8.2746,22.6371,4.9665,24.0219,0.0380,-0.3966,0.0221,-0.3932,465.0000,32.5000,-0.2991,0.6911,0.3459,-1,2
1778392082.9439,-0.0274,0.0792,5.3878,-8.2746,22.6371,4.9665,24.0219,0.0380,-0.3966,0.0221,-0.3932,465.0000,32.5000,-0.3105,0.7130,0.3497,-1,2
1778392082.9539,-0.0274,0.0792,5.3878,-8.2746,22.6371,4.9665,24.0219,0.0380,-0.3966,0.0221,-0.3932,465.0000,32.5000,-0.3219,0.7350,0.3533,-1,2
1778392082.9639,-0.0215,0.1009,5.3513,-8.3348,22.6084,4.9701,23.9967,0.0380,-0.3966,0.0221,-0.3932,465.0000,32.5000,-0.3337,0.7568,0.3566,-1,2
1778392082.9739,-0.0215,0.1009,5.3513,-8.3348,22.6084,4.9701,23.9967,0.0380,-0.3966,0.0221,-0.3932,465.0000,32.5000,-0.3572,0.8009,0.3623,-1,2
1778392082.9839,-0.0215,0.1009,5.3513,-8.3348,22.6084,4.9701,23.9967,0.0380,-0.3966,0.0221,-0.3932,465.0000,32.5000,-0.3691,0.8229,0.3648,-1,2
1778392082.9939,-0.0345,0.1278,5.3477,-8.3857,22.5850,4.9515,23.9630,0.0380,-0.3966,0.0221,-0.3932,465.0000,32.5000,-0.3810,0.8450,0.3672,-1,2
1778392083.0039,-0.0345,0.1278,5.3477,-8.3857,22.5850,4.9515,23.9630,0.0380,-0.3966,0.0221,-0.3932,465.0000,32.5000,-0.3928,0.8673,0.3695,-1,2
1778392083.0139,-0.0345,0.1278,5.3477,-8.3857,22.5850,4.9515,23.9630,0.0380,-0.3966,0.0221,-0.3932,465.0000,32.5000,-0.4163,0.9118,0.3733,-1,2
1778392083.0239,-0.0317,0.1632,5.3552,-8.4285,22.5578,4.9713,23.9201,0.0380,-0.3966,0.0221,-0.3932,465.0000,32.5000,-0.4281,0.9341,0.3751,-1,2
1778392083.0339,-0.0317,0.1632,5.3552,-8.4285,22.5578,4.9713,23.9201,0.0380,-0.3966,0.0221,-0.3932,465.0000,32.5000,-0.4402,0.9564,0.3768,-1,2
1778392083.0439,-0.0317,0.1632,5.3552,-8.4285,22.5578,4.9713,23.9201,0.0380,-0.3966,0.0221,-0.3932,465.0000,32.5000,-0.4523,0.9786,0.3783,-1,2
1778392083.0539,-0.0558,0.1970,5.3250,-8.4859,22.5281,4.9738,23.8718,0.0380,-0.3966,0.0221,-0.3932,465.0000,32.5000,-0.4767,1.0231,0.3809,-1,2
1778392083.0639,-0.0558,0.1970,5.3250,-8.4859,22.5281,4.9738,23.8718,0.0380,-0.3966,0.0221,-0.3932,465.0000,32.5000,-0.4886,1.0456,0.3820,-1,2
1778392083.0739,-0.0558,0.1970,5.3250,-8.4859,22.5281,4.9738,23.8718,0.0380,-0.3966,0.0221,-0.3932,465.0000,32.5000,-0.5005,1.0682,0.3830,-1,2
1778392083.0839,-0.0558,0.1970,5.3250,-8.4859,22.5281,4.9738,23.8718,0.0380,-0.3966,0.0221,-0.3932,465.0000,32.5000,-0.5123,1.0908,0.3838,-1,2
1778392083.0939,-0.0713,0.2409,5.3120,-8.5342,22.5024,4.9789,23.8182,0.0380,-0.3966,0.0221,-0.3932,465.0000,32.5000,-0.5357,1.1362,0.3854,-1,2
1778392083.1039,-0.0713,0.2409,5.3120,-8.5342,22.5024,4.9789,23.8182,0.0380,-0.3966,0.0221,-0.3932,465.0000,32.5000,-0.5471,1.1591,0.3860,-1,2
1778392083.1139,-0.0713,0.2409,5.3120,-8.5342,22.5024,4.9789,23.8182,0.0380,-0.3966,0.0221,-0.3932,465.0000,32.5000,-0.5585,1.1819,0.3865,-1,2
1778392083.1239,-0.0906,0.2756,5.2960,-8.5809,22.4683,4.9980,23.7632,0.0380,-0.3966,0.0221,-0.3932,465.0000,32.5000,-0.5699,1.2049,0.3870,-1,2
1778392083.1339,-0.0906,0.2756,5.2960,-8.5809,22.4683,4.9980,23.7632,0.0380,-0.3966,0.0221,-0.3932,465.0000,32.5000,-0.5809,1.2282,0.3874,-1,2
1778392083.1440,-0.0906,0.2756,5.2960,-8.5809,22.4683,4.9980,23.7632,0.0380,-0.3966,0.0221,-0.3932,465.0000,32.5000,-0.6027,1.2747,0.3882,-1,2
1778392083.1539,-0.1048,0.3142,5.2722,-8.6357,22.4284,4.9784,23.7044,0.0380,-0.3966,0.0221,-0.3932,465.0000,32.5000,-0.6135,1.2980,0.3885,-1,2
1778392083.1640,-0.1048,0.3142,5.2722,-8.6357,22.4284,4.9784,23.7044,0.0380,-0.3966,0.0221,-0.3932,465.0000,32.5000,-0.6241,1.3212,0.3887,-1,2
1778392083.1739,-0.1048,0.3142,5.2722,-8.6357,22.4284,4.9784,23.7044,0.0380,-0.3966,0.0221,-0.3932,465.0000,32.5000,-0.6241,1.3212,0.3887,-1,2
1778392083.1839,-0.1048,0.3142,5.2722,-8.6357,22.4284,4.9784,23.7044,0.0380,-0.3966,0.0221,-0.3932,465.0000,32.5000,-0.6549,1.3922,0.3891,-1,2
1778392083.1939,-0.1351,0.3588,5.2677,-8.6865,22.4144,4.9930,23.6570,0.0380,-0.3966,0.0221,-0.3932,465.0000,32.5000,-0.6549,1.3922,0.3891,-1,2
1778392083.2039,-0.1351,0.3588,5.2677,-8.6865,22.4144,4.9930,23.6570,0.0380,-0.3966,0.0221,-0.3932,465.0000,32.5000,-0.6747,1.4399,0.3893,-1,2
1778392083.2139,-0.1351,0.3588,5.2677,-8.6865,22.4144,4.9930,23.6570,0.0380,-0.3966,0.0221,-0.3932,465.0000,32.5000,-0.6747,1.4399,0.3893,-1,2
1778392083.2239,-0.1545,0.4017,5.2718,-8.7521,22.3923,5.0007,23.6131,0.0380,-0.3966,0.0221,-0.3932,465.0000,32.5000,-0.7033,1.5122,0.3895,-1,2
1778392083.2340,-0.1545,0.4017,5.2718,-8.7521,22.3923,5.0007,23.6131,0.0380,-0.3966,0.0221,-0.3932,465.0000,32.5000,-0.7033,1.5122,0.3895,-1,2
1778392083.2439,-0.1545,0.4017,5.2718,-8.7521,22.3923,5.0007,23.6131,0.0380,-0.3966,0.0221,-0.3932,465.0000,32.5000,-0.7211,1.5611,0.3896,-1,2
1778392083.2539,-0.1700,0.4572,5.2578,-8.7983,22.3631,5.0114,23.5452,0.0380,-0.3966,0.0221,-0.3932,465.0000,32.5000,-0.7299,1.5856,0.3896,-1,2
1778392083.2640,-0.1700,0.4572,5.2578,-8.7983,22.3631,5.0114,23.5452,0.0380,-0.3966,0.0221,-0.3932,465.0000,32.5000,-0.7385,1.6101,0.3895,-1,2
1778392083.2739,-0.1700,0.4572,5.2578,-8.7983,22.3631,5.0114,23.5452,0.0380,-0.3966,0.0221,-0.3932,465.0000,32.5000,-0.7385,1.6101,0.3895,-1,2
1778392083.2839,-0.1700,0.4572,5.2578,-8.7983,22.3631,5.0114,23.5452,0.0380,-0.3966,0.0221,-0.3932,465.0000,32.5000,-0.7633,1.6845,0.3895,-1,2
1778392083.2939,-0.1935,0.5036,5.2437,-8.8637,22.3372,5.0050,23.4933,0.0380,-0.3966,0.0221,-0.3932,465.0000,32.5000,-0.7633,1.6845,0.3895,-1,2
1778392083.3040,-0.1935,0.5036,5.2437,-8.8637,22.3372,5.0050,23.4933,0.0380,-0.3966,0.0221,-0.3932,465.0000,32.5000,-0.7870,1.7594,0.3893,-1,2
1778392083.3139,-0.1935,0.5036,5.2437,-8.8637,22.3372,5.0050,23.4933,0.0380,-0.3966,0.0221,-0.3932,465.0000,32.5000,-0.7870,1.7594,0.3893,-1,2
1778392083.3239,-0.2097,0.5580,5.2319,-8.9066,22.3011,5.0132,23.4189,0.0380,-0.3966,0.0221,-0.3932,465.0000,32.5000,-0.8022,1.8094,0.3891,-1,2
1778392083.3341,-0.2097,0.5580,5.2319,-8.9066,22.3011,5.0132,23.4189,0.0380,-0.3966,0.0221,-0.3932,465.0000,32.5000,-0.8022,1.8094,0.3891,-1,2
1778392084.0139,-0.6109,1.6281,5.1331,-9.5935,21.7770,5.0298,22.0608,0.0380,-0.3966,0.0221,-0.3932,465.0000,32.5000,-0.3271,0.9805,0.1538,59,2
1778392084.0240,-0.5959,1.6612,5.1393,-9.6103,21.7413,5.0293,22.0110,0.0204,-0.4285,0.0204,-0.4285,10.5000,289.5000,-0.3217,0.9639,0.1536,59,2
1778392084.0339,-0.5959,1.6612,5.1393,-9.6103,21.7413,5.0293,22.0110,0.0204,-0.4285,0.0204,-0.4285,10.5000,289.5000,-0.3114,0.9313,0.1534,59,2
1778392084.0439,-0.5959,1.6612,5.1393,-9.6103,21.7413,5.0293,22.0110,0.0329,-0.4389,0.0204,-0.4285,10.5000,289.5000,-0.3062,0.9149,0.1526,61,2
1778392084.0539,-0.6044,1.6823,5.1414,-9.6197,21.7239,5.0246,21.9763,0.0329,-0.4389,0.0204,-0.4285,10.5000,289.5000,-0.3014,0.8996,0.1584,61,2
1778392084.0640,-0.6044,1.6823,5.1414,-9.6197,21.7239,5.0246,21.9763,0.0329,-0.4389,0.0204,-0.4285,10.5000,289.5000,-0.2943,0.8761,0.2069,61,2
1778392084.0740,-0.6044,1.6823,5.1414,-9.6197,21.7239,5.0246,21.9763,0.0453,-0.4361,0.1201,-0.4589,-4.5000,270.5000,-0.2918,0.8671,0.2432,61,2
1778392084.0839,-0.6144,1.7100,5.1371,-9.6389,21.6962,5.0187,21.9295,0.0453,-0.4361,0.1201,-0.4589,-4.5000,270.5000,-0.2897,0.8596,0.2846,60,2
1778392084.0940,-0.6144,1.7100,5.1371,-9.6389,21.6962,5.0187,21.9295,0.0742,-0.4319,0.2355,-0.4419,-21.0000,239.5000,-0.2882,0.8532,0.3294,60,2
1778392084.1040,-0.6144,1.7100,5.1371,-9.6389,21.6962,5.0187,21.9295,0.0742,-0.4319,0.2355,-0.4419,-21.0000,239.5000,-0.2863,0.8429,0.4241,60,2
1778392084.3439,-0.6934,1.9104,4.9406,-9.6763,21.5229,5.0303,21.5720,0.0742,-0.4319,0.2355,-0.4419,-21.0000,239.5000,-0.4521,1.0545,1.4061,-1,2
1778392084.3540,-0.7036,1.9348,4.8690,-9.6665,21.5005,5.0333,21.5216,0.0742,-0.4319,0.2355,-0.4419,-21.0000,239.5000,-0.4621,1.0710,1.4230,-1,2
1778392084.3651,-0.7036,1.9348,4.8690,-9.6665,21.5005,5.0333,21.5216,0.0742,-0.4319,0.2355,-0.4419,-21.0000,239.5000,-0.4723,1.0880,1.4393,-1,2
1778392084.3739,-0.7036,1.9348,4.8690,-9.6665,21.5005,5.0333,21.5216,0.0742,-0.4319,0.2355,-0.4419,-21.0000,239.5000,-0.4827,1.1055,1.4532,-1,2
1778392084.3840,-0.7141,1.9660,4.8317,-9.6667,21.4819,5.0463,21.4725,0.0742,-0.4319,0.2355,-0.4419,-21.0000,239.5000,-0.5042,1.1426,1.4723,-1,2
1778392084.3939,-0.7141,1.9660,4.8317,-9.6667,21.4819,5.0463,21.4725,0.0742,-0.4319,0.2355,-0.4419,-21.0000,239.5000,-0.5153,1.1620,1.4801,-1,2
1778392084.4039,-0.7141,1.9660,4.8317,-9.6667,21.4819,5.0463,21.4725,0.0742,-0.4319,0.2355,-0.4419,-21.0000,239.5000,-0.5263,1.1816,1.4870,-1,2
1778392084.4139,-0.7141,1.9660,4.8317,-9.6488,21.4601,5.0583,21.4453,0.0742,-0.4319,0.2355,-0.4419,-21.0000,239.5000,-0.5375,1.2018,1.4933,-1,2
1778392084.4240,-0.7283,2.0031,4.7960,-9.6488,21.4601,5.0583,21.4060,0.0742,-0.4319,0.2355,-0.4419,-21.0000,239.5000,-0.5600,1.2434,1.5047,-1,2
1778392084.4340,-0.7283,2.0031,4.7960,-9.6488,21.4601,5.0583,21.4060,0.0742,-0.4319,0.2355,-0.4419,-21.0000,239.5000,-0.5714,1.2648,1.5100,-1,2
1778392084.4439,-0.7283,2.0031,4.7960,-9.6488,21.4601,5.0583,21.4060,0.0742,-0.4319,0.2355,-0.4419,-21.0000,239.5000,-0.5827,1.2865,1.5152,-1,2
1778392084.4540,-0.7446,2.0331,4.7457,-9.6338,21.4463,5.0569,21.3539,0.0742,-0.4319,0.2355,-0.4419,-21.0000,239.5000,-0.5941,1.3084,1.5203,-1,2
1778392084.4640,-0.7446,2.0331,4.7457,-9.6338,21.4463,5.0569,21.3539,0.0742,-0.4319,0.2355,-0.4419,-21.0000,239.5000,-0.6171,1.3536,1.5299,-1,2
1778392084.4740,-0.7446,2.0331,4.7457,-9.6338,21.4463,5.0569,21.3539,0.0742,-0.4319,0.2355,-0.4419,-21.0000,239.5000,-0.6287,1.3766,1.5343,-1,2
1778392084.4840,-0.7689,2.0742,4.6864,-9.6166,21.4240,5.0590,21.2799,0.0742,-0.4319,0.2355,-0.4419,-21.0000,239.5000,-0.6403,1.3998,1.5386,-1,2
1778392084.4940,-0.7689,2.0742,4.6864,-9.6166,21.4240,5.0590,21.2799,0.0742,-0.4319,0.2355,-0.4419,-21.0000,239.5000,-0.6519,1.4234,1.5426,-1,2
1778392084.5040,-0.7689,2.0742,4.6864,-9.6166,21.4240,5.0590,21.2799,0.0742,-0.4319,0.2355,-0.4419,-21.0000,239.5000,-0.6755,1.4716,1.5502,-1,2
1778392084.5140,-0.8000,2.1235,4.6392,-9.6061,21.3985,5.0604,21.1955,0.0742,-0.4319,0.2355,-0.4419,-21.0000,239.5000,-0.6873,1.4961,1.5537,-1,2
1778392084.5240,-0.8000,2.1235,4.6392,-9.6061,21.3985,5.0604,21.1955,0.0742,-0.4319,0.2355,-0.4419,-21.0000,239.5000,-0.6992,1.5206,1.5570,-1,2
1778392084.5340,-0.8000,2.1235,4.6392,-9.6061,21.3985,5.0604,21.1955,0.0742,-0.4319,0.2355,-0.4419,-21.0000,239.5000,-0.7112,1.5456,1.5601,-1,2
1778392084.5440,-0.8000,2.1235,4.6392,-9.6061,21.3985,5.0604,21.1955,0.0742,-0.4319,0.2355,-0.4419,-21.0000,239.5000,-0.7232,1.5707,1.5629,-1,2
1778392084.5540,-0.8302,2.1763,4.6090,-9.6055,21.3735,5.0649,21.1127,0.0742,-0.4319,0.2355,-0.4419,-21.0000,239.5000,-0.7352,1.5960,1.5656,-1,2
1778392084.5640,-0.8302,2.1763,4.6090,-9.6055,21.3735,5.0649,21.1127,0.0742,-0.4319,0.2355,-0.4419,-21.0000,239.5000,-0.7595,1.6470,1.5707,-1,2
1778392084.5740,-0.8302,2.1763,4.6090,-9.6055,21.3735,5.0649,21.1127,0.0742,-0.4319,0.2355,-0.4419,-21.0000,239.5000,-0.7717,1.6728,1.5730,-1,2
1778392084.5840,-0.8530,2.2322,4.5484,-9.5989,21.3438,5.0631,21.0240,0.0742,-0.4319,0.2355,-0.4419,-21.0000,239.5000,-0.7839,1.6986,1.5751,-1,2
1778392084.5940,-0.8530,2.2322,4.5484,-9.5989,21.3438,5.0631,21.0240,0.0742,-0.4319,0.2355,-0.4419,-21.0000,239.5000,-0.7962,1.7245,1.5771,-1,2
1778392084.6040,-0.8530,2.2322,4.5484,-9.5989,21.3438,5.0631,21.0240,0.0742,-0.4319,0.2355,-0.4419,-21.0000,239.5000,-0.8210,1.7767,1.5804,-1,2
1778392084.6140,-0.8530,2.2322,4.5484,-9.5989,21.3438,5.0631,21.0240,0.0742,-0.4319,0.2355,-0.4419,-21.0000,239.5000,-0.8334,1.8028,1.5819,-1,2
1778392084.6240,-0.8779,2.2987,4.4933,-9.5866,21.3214,5.0612,20.9291,0.0742,-0.4319,0.2355,-0.4419,-21.0000,239.5000,-0.8458,1.8290,1.5833,-1,2
1778392084.6340,-0.8779,2.2987,4.4933,-9.5866,21.3214,5.0612,20.9291,0.0742,-0.4319,0.2355,-0.4419,-21.0000,239.5000,-0.8584,1.8553,1.5845,-1,2
1778392084.6440,-0.8779,2.2987,4.4933,-9.5866,21.3214,5.0612,20.9291,0.0742,-0.4319,0.2355,-0.4419,-21.0000,239.5000,-0.8836,1.9081,1.5864,-1,2
1778392084.6540,-0.9008,2.3665,4.4356,-9.5538,21.3005,5.0712,20.8273,0.0742,-0.4319,0.2355,-0.4419,-21.0000,239.5000,-0.8962,1.9345,1.5871,-1,2
1778392084.6640,-0.9008,2.3665,4.4356,-9.5538,21.3005,5.0712,20.8273,0.0742,-0.4319,0.2355,-0.4419,-21.0000,239.5000,-0.9088,1.9610,1.5878,-1,2
1778392084.6740,-0.9008,2.3665,4.4356,-9.5538,21.3005,5.0712,20.8273,0.0742,-0.4319,0.2355,-0.4419,-21.0000,239.5000,-0.9215,1.9875,1.5884,-1,2
1778392084.6840,-0.9317,2.4425,4.3955,-9.5340,21.2806,5.0608,20.7199,0.0742,-0.4319,0.2355,-0.4419,-21.0000,239.5000,-0.9468,2.0404,1.5892,-1,2
1778392084.6940,-0.9317,2.4425,4.3955,-9.5340,21.2806,5.0608,20.7199,0.0742,-0.4319,0.2355,-0.4419,-21.0000,239.5000,-0.9596,2.0670,1.5896,-1,2
1778392084.7041,-0.9317,2.4425,4.3955,-9.5340,21.2806,5.0608,20.7199,0.0742,-0.4319,0.2355,-0.4419,-21.0000,239.5000,-0.9723,2.0934,1.5898,-1,2
1778392084.7139,-0.9773,2.5189,4.3448,-9.5155,21.2576,5.0683,20.6049,0.0742,-0.4319,0.2355,-0.4419,-21.0000,239.5000,-0.9851,2.1199,1.5900,-1,2
1778392084.7240,-0.9773,2.5189,4.3448,-9.5155,21.2576,5.0683,20.6049,0.0742,-0.4319,0.2355,-0.4419,-21.0000,239.5000,-1.0106,2.1727,1.5900,-1,2
1778392084.7340,-0.9773,2.5189,4.3448,-9.5155,21.2576,5.0683,20.6049,0.0742,-0.4319,0.2355,-0.4419,-21.0000,239.5000,-1.0234,2.1991,1.5900,-1,2
1778392084.7439,-0.9773,2.5189,4.3448,-9.5155,21.2576,5.0683,20.6049,0.0742,-0.4319,0.2355,-0.4419,-21.0000,239.5000,-1.0361,2.2254,1.5899,-1,2
1778392084.7540,-1.0155,2.5847,4.2785,-9.4898,21.2342,5.0812,20.5002,0.0742,-0.4319,0.2355,-0.4419,-21.0000,239.5000,-1.0489,2.2517,1.5897,-1,2
1778392084.7640,-1.0155,2.5847,4.2785,-9.4898,21.2342,5.0812,20.5002,0.0742,-0.4319,0.2355,-0.4419,-21.0000,239.5000,-1.0743,2.3043,1.5892,-1,2
1778392084.7740,-1.0155,2.5847,4.2785,-9.4898,21.2342,5.0812,20.5002,0.0742,-0.4319,0.2355,-0.4419,-21.0000,239.5000,-1.0870,2.3305,1.5889,-1,2
1778392084.7840,-1.0457,2.6558,4.2201,-9.4752,21.2161,5.0722,20.4027,0.0742,-0.4319,0.2355,-0.4419,-21.0000,239.5000,-1.0998,2.3566,1.5885,-1,2
1778392084.7940,-1.0457,2.6558,4.2201,-9.4752,21.2161,5.0722,20.4027,0.0742,-0.4319,0.2355,-0.4419,-21.0000,239.5000,-1.1125,2.3827,1.5882,-1,2
1778392084.8040,-1.0457,2.6558,4.2201,-9.4752,21.2161,5.0722,20.4027,0.0742,-0.4319,0.2355,-0.4419,-21.0000,239.5000,-1.1379,2.4349,1.5875,-1,2
1778392084.8140,-1.0855,2.7335,4.1540,-9.4496,21.1932,5.0632,20.2866,0.0742,-0.4319,0.2355,-0.4419,-21.0000,239.5000,-1.1506,2.4609,1.5871,-1,2
1778392084.8241,-1.0855,2.7335,4.1540,-9.4496,21.1932,5.0632,20.2866,0.0742,-0.4319,0.2355,-0.4419,-21.0000,239.5000,-1.1632,2.4867,1.5868,-1,2
1778392084.8340,-1.0855,2.7335,4.1540,-9.4496,21.1932,5.0632,20.2866,0.0742,-0.4319,0.2355,-0.4419,-21.0000,239.5000,-1.1758,2.5126,1.5866,-1,2
1778392085.1790,-1.5701,3.7145,3.8152,-9.0390,21.0500,4.9517,18.9102,0.0742,-0.4319,0.2355,-0.4419,-21.0000,239.5000,-1.1956,2.5287,0.3223,61,2
1778392085.1890,-1.5701,3.7145,3.8152,-9.0390,21.0500,4.9517,18.9102,0.0742,-0.4319,0.2355,-0.4419,-21.0000,239.5000,-1.1810,2.4964,0.2972,61,2
1778392085.1990,-1.5701,3.7145,3.8152,-9.0390,21.0500,4.9517,18.9102,-0.0913,-0.4071,-0.0913,-0.4071,-186.5000,317.0000,-1.1661,2.4636,0.2746,61,2
1778392085.2090,-1.5701,3.7145,3.8152,-9.0390,21.0500,4.9517,18.9102,-0.0913,-0.4071,-0.0913,-0.4071,-186.5000,317.0000,-1.1377,2.4010,0.2454,61,2
1778392085.2490,-1.6672,3.8597,3.7896,-8.9467,21.0382,4.9325,18.6922,-0.0913,-0.4071,-0.0913,-0.4071,-186.5000,317.0000,-1.0909,2.2994,0.3560,62,2
1778392085.2591,-1.6672,3.8597,3.7896,-8.9467,21.0382,4.9325,18.6922,-0.0913,-0.4071,-0.0913,-0.4071,-186.5000,317.0000,-1.0841,2.2841,0.3907,62,2
1778392085.2690,-1.6672,3.8597,3.7896,-8.9467,21.0382,4.9325,18.6922,-0.0140,-0.4021,0.2180,-0.3869,-187.0000,413.0000,-1.0781,2.2702,0.4271,62,2
1778392085.4790,-1.8889,4.3333,3.5965,-8.5978,20.9964,4.9400,18.0131,-0.0140,-0.4021,0.2180,-0.3869,-187.0000,413.0000,-1.0717,2.2777,1.2754,67,2
1778392085.4890,-1.8889,4.3333,3.5965,-8.5978,20.9964,4.9400,18.0131,-0.0140,-0.4021,0.2180,-0.3869,-187.0000,413.0000,-1.0808,2.3054,1.3177,67,2
1778392085.4990,-1.8889,4.3333,3.5965,-8.5978,20.9964,4.9400,18.0131,-0.0229,-0.3721,0.1826,-0.2671,-184.5000,-486.0000,-1.0855,2.3203,1.3378,67,2
1778392085.5090,-1.8889,4.3333,3.5965,-8.5978,20.9964,4.9400,18.0131,-0.0229,-0.3721,0.1826,-0.2671,-184.5000,-486.0000,-1.0904,2.3359,1.3567,67,2
1778392085.5190,-1.9340,4.4096,3.5503,-8.5215,20.9854,4.9210,17.8895,-0.0138,-0.3599,0.1826,-0.2671,-198.0000,-493.5000,-1.0955,2.3522,1.3743,68,2
1778392085.5294,-1.9340,4.4096,3.5503,-8.5215,20.9854,4.9210,17.8895,-0.0138,-0.3599,0.1826,-0.2671,-198.0000,-493.5000,-1.1091,2.3957,1.3779,68,2
1778392085.5392,-1.9340,4.4096,3.5503,-8.5215,20.9854,4.9210,17.8895,-0.0138,-0.3599,0.1826,-0.2671,-198.0000,-493.5000,-1.1177,2.4233,1.3633,68,2
1778392085.7840,-2.2440,5.1724,3.3364,-8.0858,20.9565,4.8718,16.9004,0.0028,-0.3529,0.2853,-0.1903,-198.0000,-493.5000,-1.2530,3.4679,0.1738,-1,2
1778392085.7940,-2.2440,5.1724,3.3364,-8.0858,20.9565,4.8718,16.9004,0.0028,-0.3529,0.2853,-0.1903,-198.0000,-493.5000,-1.2531,3.5021,0.1327,-1,2
1778392085.8040,-2.2440,5.1724,3.3364,-8.0858,20.9565,4.8718,16.9004,0.0028,-0.3529,0.2853,-0.1903,-198.0000,-493.5000,-1.2530,3.5358,0.0925,-1,2
1778392085.8140,-2.2683,5.2911,3.3289,-8.0304,20.9628,4.8855,16.7699,0.0028,-0.3529,0.2853,-0.1903,-198.0000,-493.5000,-1.2528,3.6020,0.0145,-1,2
1778392085.8240,-2.2683,5.2911,3.3289,-8.0304,20.9628,4.8855,16.7699,0.0028,-0.3529,0.2853,-0.1903,-198.0000,-493.5000,-1.2527,3.6339,-0.0217,-1,2
1778392085.8340,-2.2683,5.2911,3.3289,-8.0304,20.9628,4.8855,16.7699,0.0028,-0.3529,0.2853,-0.1903,-198.0000,-493.5000,-1.2525,3.6655,-0.0570,-1,2
1778392085.8440,-2.3111,5.4109,3.3380,-7.9649,20.9545,4.8836,16.6119,0.0028,-0.3529,0.2853,-0.1903,-198.0000,-493.5000,-1.2521,3.6967,-0.0927,-1,2
1778392085.8540,-2.3111,5.4109,3.3380,-7.9649,20.9545,4.8836,16.6119,0.0028,-0.3529,0.2853,-0.1903,-198.0000,-493.5000,-1.2507,3.7590,-0.1713,-1,2
1778392085.8641,-2.3111,5.4109,3.3380,-7.9649,20.9545,4.8836,16.6119,0.0028,-0.3529,0.2853,-0.1903,-198.0000,-493.5000,-1.2495,3.7901,-0.2141,-1,2
1778392085.8740,-2.3588,5.5444,3.3329,-7.9026,20.9482,4.8888,16.4449,0.0028,-0.3529,0.2853,-0.1903,-198.0000,-493.5000,-1.2479,3.8207,-0.2580,-1,2
1778392085.8840,-2.3588,5.5444,3.3329,-7.9026,20.9482,4.8888,16.4449,0.0028,-0.3529,0.2853,-0.1903,-198.0000,-493.5000,-1.2459,3.8506,-0.3021,-1,2
1778392085.8940,-2.3588,5.5444,3.3329,-7.9026,20.9482,4.8888,16.4449,0.0028,-0.3529,0.2853,-0.1903,-198.0000,-493.5000,-1.2407,3.9082,-0.3913,-1,2
1778392085.9040,-2.3588,5.5444,3.3329,-7.9026,20.9482,4.8888,16.4449,0.0028,-0.3529,0.2853,-0.1903,-198.0000,-493.5000,-1.2375,3.9359,-0.4363,-1,2
1778392085.9140,-2.3998,5.6662,3.3332,-7.8569,20.9374,4.8850,16.2911,0.0028,-0.3529,0.2853,-0.1903,-198.0000,-493.5000,-1.2340,3.9626,-0.4808,-1,2
1778392085.9240,-2.3998,5.6662,3.3332,-7.8569,20.9374,4.8850,16.2911,0.0028,-0.3529,0.2853,-0.1903,-198.0000,-493.5000,-1.2302,3.9882,-0.5244,-1,2
1778392085.9340,-2.3998,5.6662,3.3332,-7.8569,20.9374,4.8850,16.2911,0.0028,-0.3529,0.2853,-0.1903,-198.0000,-493.5000,-1.2218,4.0359,-0.6073,-1,2
1778392085.9440,-2.4461,5.7979,3.3672,-7.7943,20.9409,4.8945,16.1321,0.0028,-0.3529,0.2853,-0.1903,-198.0000,-493.5000,-1.2173,4.0579,-0.6459,-1,2
1778392085.9540,-2.4461,5.7979,3.3672,-7.7943,20.9409,4.8945,16.1321,0.0028,-0.3529,0.2853,-0.1903,-198.0000,-493.5000,-1.2127,4.0786,-0.6825,-1,2
1778392085.9640,-2.4461,5.7979,3.3672,-7.7943,20.9409,4.8945,16.1321,0.0028,-0.3529,0.2853,-0.1903,-198.0000,-493.5000,-1.2079,4.0983,-0.7172,-1,2
1778392085.9740,-2.4762,5.9307,3.3964,-7.7327,20.9358,4.9080,15.9708,0.0028,-0.3529,0.2853,-0.1903,-198.0000,-493.5000,-1.1979,4.1345,-0.7803,-1,2
1778392085.9840,-2.4762,5.9307,3.3964,-7.7327,20.9358,4.9080,15.9708,0.0028,-0.3529,0.2853,-0.1903,-198.0000,-493.5000,-1.1928,4.1510,-0.8089,-1,2
1778392085.9941,-2.4762,5.9307,3.3964,-7.7327,20.9358,4.9080,15.9708,0.0028,-0.3529,0.2853,-0.1903,-198.0000,-493.5000,-1.1877,4.1667,-0.8356,-1,2
1778392086.0040,-2.4762,5.9307,3.3964,-7.7327,20.9358,4.9080,15.9708,0.0028,-0.3529,0.2853,-0.1903,-198.0000,-493.5000,-1.1826,4.1815,-0.8605,-1,2
1778392086.0140,-2.5103,6.0559,3.4326,-7.6695,20.9291,4.8853,15.8095,0.0028,-0.3529,0.2853,-0.1903,-198.0000,-493.5000,-1.1726,4.2085,-0.9051,-1,2
1778392086.0240,-2.5103,6.0559,3.4326,-7.6695,20.9291,4.8853,15.8095,0.0028,-0.3529,0.2853,-0.1903,-198.0000,-493.5000,-1.1675,4.2210,-0.9253,-1,2
1778392086.0340,-2.5103,6.0559,3.4326,-7.6695,20.9291,4.8853,15.8095,0.0028,-0.3529,0.2853,-0.1903,-198.0000,-493.5000,-1.1624,4.2329,-0.9439,-1,2
1778392086.0440,-2.5386,6.1947,3.4593,-7.6133,20.9327,4.8989,15.6536,0.0028,-0.3529,0.2853,-0.1903,-198.0000,-493.5000,-1.1574,4.2442,-0.9612,-1,2
1778392086.0540,-2.5386,6.1947,3.4593,-7.6133,20.9327,4.8989,15.6536,0.0028,-0.3529,0.2853,-0.1903,-198.0000,-493.5000,-1.1474,4.2652,-0.9922,-1,2
1778392086.0640,-2.5386,6.1947,3.4593,-7.6133,20.9327,4.8989,15.6536,0.0028,-0.3529,0.2853,-0.1903,-198.0000,-493.5000,-1.1426,4.2749,-1.0059,-1,2
1778392086.0740,-2.5657,6.3327,3.5070,-7.5453,20.9359,4.9103,15.4926,0.0028,-0.3529,0.2853,-0.1903,-198.0000,-493.5000,-1.1379,4.2842,-1.0186,-1,2
1778392086.0841,-2.5657,6.3327,3.5070,-7.5453,20.9359,4.9103,15.4926,0.0028,-0.3529,0.2853,-0.1903,-198.0000,-493.5000,-1.1333,4.2930,-1.0303,-1,2
1778392086.0940,-2.5657,6.3327,3.5070,-7.5453,20.9359,4.9103,15.4926,0.0028,-0.3529,0.2853,-0.1903,-198.0000,-493.5000,-1.1243,4.3098,-1.0512,-1,2
1778392086.1040,-2.5657,6.3327,3.5070,-7.5453,20.9359,4.9103,15.4926,0.0028,-0.3529,0.2853,-0.1903,-198.0000,-493.5000,-1.1198,4.3177,-1.0605,-1,2
1778392086.1140,-2.5979,6.4671,3.5463,-7.4864,20.9287,4.9340,15.3284,0.0028,-0.3529,0.2853,-0.1903,-198.0000,-493.5000,-1.1154,4.3253,-1.0690,-1,2
1778392086.1240,-2.5979,6.4671,3.5463,-7.4864,20.9287,4.9340,15.3284,0.0028,-0.3529,0.2853,-0.1903,-198.0000,-493.5000,-1.1111,4.3327,-1.0768,-1,2
1778392086.1340,-2.5979,6.4671,3.5463,-7.4864,20.9287,4.9340,15.3284,0.0028,-0.3529,0.2853,-0.1903,-198.0000,-493.5000,-1.1026,4.3465,-1.0908,-1,2
1778392086.1440,-2.6349,6.5990,3.5834,-7.4235,20.9370,4.9428,15.1775,0.0028,-0.3529,0.2853,-0.1903,-198.0000,-493.5000,-1.0986,4.3531,-1.0969,-1,2
1778392086.1540,-2.6349,6.5990,3.5834,-7.4235,20.9370,4.9428,15.1775,0.0028,-0.3529,0.2853,-0.1903,-198.0000,-493.5000,-1.0945,4.3596,-1.1025,-1,2
1778392086.1640,-2.6349,6.5990,3.5834,-7.4235,20.9370,4.9428,15.1775,0.0028,-0.3529,0.2853,-0.1903,-198.0000,-493.5000,-1.0904,4.3659,-1.1077,-1,2
1778392086.1740,-2.6674,6.7386,3.6100,-7.3572,20.9356,4.9243,15.0092,0.0028,-0.3529,0.2853,-0.1903,-198.0000,-493.5000,-1.0826,4.3778,-1.1169,-1,2
1778392086.1843,-2.6674,6.7386,3.6100,-7.3572,20.9356,4.9243,15.0092,0.0028,-0.3529,0.2853,-0.1903,-198.0000,-493.5000,-1.0789,4.3835,-1.1208,72,2
1778392086.1940,-2.6674,6.7386,3.6100,-7.3572,20.9356,4.9243,15.0092,-0.0855,-0.3171,-0.0678,-0.0470,-91.0000,-254.5000,-1.0750,4.3891,-1.1245,68,2
1778392086.2040,-2.6674,6.7386,3.6100,-7.3572,20.9356,4.9243,15.0092,-0.0855,-0.3171,-0.0678,-0.0470,-91.0000,-254.5000,-1.0713,4.3945,-1.1279,68,2
1778392086.2140,-2.7011,6.8838,3.6503,-7.3029,20.9468,4.9182,14.8510,-0.0855,-0.3171,-0.0678,-0.0470,-91.0000,-254.5000,-1.0642,4.4052,-1.1337,68,2
1778392086.2241,-2.7011,6.8838,3.6503,-7.3029,20.9468,4.9182,14.8510,-0.0837,-0.3155,-0.0678,-0.0470,-89.0000,-250.0000,-1.0605,4.4106,-1.1411,68,2
1778392086.2340,-2.7011,6.8838,3.6503,-7.3029,20.9468,4.9182,14.8510,-0.0837,-0.3155,-0.0678,-0.0470,-89.0000,-250.0000,-1.0567,4.4166,-1.1570,68,2
1778392086.2440,-2.7550,7.0145,3.6941,-7.2536,20.9554,4.9130,14.6994,-0.0807,-0.3142,-0.0678,-0.0470,-86.0000,-244.5000,-1.0529,4.4230,-1.1776,68,2
1778392086.2542,-2.7550,7.0145,3.6941,-7.2536,20.9554,4.9130,14.6994,-0.0807,-0.3142,-0.0678,-0.0470,-86.0000,-244.5000,-1.0444,4.4360,-1.2239,68,2
1778392086.2640,-2.7550,7.0145,3.6941,-7.2536,20.9554,4.9130,14.6994,-0.0807,-0.3142,-0.0678,-0.0470,-86.0000,-244.5000,-1.0396,4.4426,-1.2471,70,2
1778392086.2740,-2.7848,7.1567,3.7185,-7.2061,20.9598,4.9188,14.5435,-0.0768,-0.3102,-0.0678,-0.0470,-85.0000,-239.0000,-1.0346,4.4492,-1.2694,70,2
1778392086.2840,-2.7848,7.1567,3.7185,-7.2061,20.9598,4.9188,14.5435,-0.0768,-0.3102,-0.0678,-0.0470,-85.0000,-239.0000,-1.0234,4.4624,-1.3102,70,2
1778392086.2940,-2.7848,7.1567,3.7185,-7.2061,20.9598,4.9188,14.5435,-0.0760,-0.3025,-0.0678,-0.0470,-85.0000,-239.0000,-1.0171,4.4690,-1.3284,70,2
1778392086.3040,-2.7848,7.1567,3.7185,-7.2061,20.9598,4.9188,14.5435,-0.0760,-0.3025,-0.0678,-0.0470,-85.0000,-239.0000,-1.0106,4.4755,-1.3450,70,2
1778392086.3140,-2.8247,7.2948,3.7741,-7.1432,20.9562,4.9140,14.3729,-0.0760,-0.3025,-0.0678,-0.0470,-85.0000,-239.0000,-1.0037,4.4821,-1.3599,70,2
1778392086.3240,-2.8247,7.2948,3.7741,-7.1432,20.9562,4.9140,14.3729,-0.0742,-0.3021,-0.0678,-0.0470,-80.0000,-236.5000,-0.9963,4.4886,-1.3734,70,2
1778392086.3340,-2.8247,7.2948,3.7741,-7.1432,20.9562,4.9140,14.3729,-0.0742,-0.3021,-0.0678,-0.0470,-80.0000,-236.5000,-0.9806,4.5016,-1.3962,69,2
1778392086.3440,-2.8486,7.4301,3.8121,-7.0683,20.9634,4.9015,14.2177,-0.0728,-0.2987,-0.0678,-0.0470,-73.5000,-234.5000,-0.9723,4.5080,-1.4059,69,2
1778392086.3540,-2.8486,7.4301,3.8121,-7.0683,20.9634,4.9015,14.2177,-0.0728,-0.2987,-0.0678,-0.0470,-73.5000,-234.5000,-0.9636,4.5145,-1.4146,69,2
1778392086.3640,-2.8486,7.4301,3.8121,-7.0683,20.9634,4.9015,14.2177,-0.0728,-0.2987,-0.0678,-0.0470,-73.5000,-234.5000,-0.9545,4.5208,-1.4223,69,2
1778392086.3740,-2.8885,7.5687,3.8837,-6.9904,20.9601,4.9052,14.0427,-0.0706,-0.3009,-0.0678,-0.0470,-65.5000,-230.5000,-0.9358,4.5335,-1.4350,69,2
1778392086.3840,-2.8885,7.5687,3.8837,-6.9904,20.9601,4.9052,14.0427,-0.0706,-0.3009,-0.0678,-0.0470,-65.5000,-230.5000,-0.9262,4.5398,-1.4401,69,2
1778392086.3940,-2.8885,7.5687,3.8837,-6.9904,20.9601,4.9052,14.0427,-0.0706,-0.2937,-0.0084,0.0465,-65.5000,-230.5000,-0.9163,4.5460,-1.4445,69,2
1778392086.4040,-2.9183,7.7278,3.9342,-6.9356,20.9591,4.9036,13.8617,-0.0706,-0.2937,-0.0084,0.0465,-65.5000,-230.5000,-0.9064,4.5521,-1.4482,69,2
1778392086.4140,-2.9183,7.7278,3.9342,-6.9356,20.9591,4.9036,13.8617,-0.0706,-0.2937,-0.0084,0.0465,-65.5000,-230.5000,-0.8862,4.5642,-1.4531,70,2
1778392086.4240,-2.9183,7.7278,3.9342,-6.9356,20.9591,4.9036,13.8617,-0.0663,-0.2927,-0.0084,0.0465,-61.0000,-223.5000,-0.8760,4.5699,-1.4531,70,2
1778392086.4340,-2.9183,7.7278,3.9342,-6.9356,20.9591,4.9036,13.8617,-0.0663,-0.2927,-0.0084,0.0465,-61.0000,-223.5000,-0.8663,4.5753,-1.4494,72,2
1778392086.4440,-2.9494,7.8734,3.9747,-6.8813,20.9565,4.9015,13.6925,-0.0655,-0.2897,-0.0084,0.0465,-59.0000,-221.5000,-0.8569,4.5805,-1.4431,72,2
1778392086.4541,-2.9494,7.8734,3.9747,-6.8813,20.9565,4.9015,13.6925,-0.0655,-0.2897,-0.0084,0.0465,-59.0000,-221.5000,-0.8382,4.5900,-1.4248,72,2
1778392086.4640,-2.9494,7.8734,3.9747,-6.8813,20.9565,4.9015,13.6925,-0.0655,-0.2897,-0.0084,0.0465,-59.0000,-221.5000,-0.8289,4.5945,-1.4135,70,2
1778392086.4740,-2.9752,8.0213,4.0298,-6.8179,20.9611,4.9011,13.5264,-0.0655,-0.2860,-0.0084,0.0465,-58.0000,-218.5000,-0.8195,4.5988,-1.4013,70,2
1778392086.4840,-2.9752,8.0213,4.0298,-6.8179,20.9611,4.9011,13.5264,-0.0655,-0.2860,-0.0084,0.0465,-58.0000,-218.5000,-0.8101,4.6030,-1.3885,70,2
1778392086.4941,-2.9752,8.0213,4.0298,-6.8179,20.9611,4.9011,13.5264,-0.0697,-0.2793,-0.0084,0.0465,-58.0000,-218.5000,-0.7907,4.6111,-1.3620,70,2
1778392086.5040,-2.9876,8.1614,4.0592,-6.7460,20.9610,4.9213,13.3679,-0.0697,-0.2793,-0.0084,0.0465,-58.0000,-218.5000,-0.7809,4.6151,-1.3486,70,2
1778392086.5140,-2.9876,8.1614,4.0592,-6.7460,20.9610,4.9213,13.3679,-0.0697,-0.2793,-0.0084,0.0465,-58.0000,-218.5000,-0.7708,4.6190,-1.3352,68,2
1778392086.5247,-2.9876,8.1614,4.0592,-6.7460,20.9610,4.9213,13.3679,-0.0657,-0.2776,-0.0084,0.0465,-57.0000,-209.5000,-0.7500,4.6266,-1.3091,68,2
1778392086.5340,-2.9876,8.1614,4.0592,-6.7460,20.9610,4.9213,13.3679,-0.0657,-0.2776,-0.0084,0.0465,-57.0000,-209.5000,-0.7393,4.6304,-1.2967,69,2
1778392086.5440,-3.0158,8.3115,4.0954,-6.6936,20.9626,4.9113,13.2000,-0.0609,-0.2760,-0.0084,0.0465,-52.5000,-196.5000,-0.7284,4.6343,-1.2847,69,2
1778392086.5541,-3.0158,8.3115,4.0954,-6.6936,20.9626,4.9113,13.2000,-0.0609,-0.2760,-0.0084,0.0465,-52.5000,-196.5000,-0.7173,4.6381,-1.2728,69,2
1778392086.5640,-3.0158,8.3115,4.0954,-6.6936,20.9626,4.9113,13.2000,-0.0609,-0.2760,-0.0084,0.0465,-52.5000,-196.5000,-0.7061,4.6418,-1.2606,72,2
1778392086.5740,-3.0395,8.4479,4.1653,-6.6426,20.9706,4.9186,13.0526,-0.0547,-0.2763,-0.0084,0.0465,-50.0000,-185.0000,-0.6836,4.6491,-1.2356,72,2
1778392086.5840,-3.0395,8.4479,4.1653,-6.6426,20.9706,4.9186,13.0526,-0.0547,-0.2763,-0.0084,0.0465,-50.0000,-185.0000,-0.6722,4.6526,-1.2223,72,2
1778392086.5940,-3.0395,8.4479,4.1653,-6.6426,20.9706,4.9186,13.0526,-0.0568,-0.2711,0.0467,0.1370,-50.0000,-185.0000,-0.6609,4.6560,-1.2086,74,2
1778392086.6040,-3.0584,8.5992,4.1987,-6.5883,20.9739,4.8993,12.8873,-0.0568,-0.2711,0.0467,0.1370,-50.0000,-185.0000,-0.6496,4.6594,-1.1945,74,2
1778392086.6141,-3.0584,8.5992,4.1987,-6.5883,20.9739,4.8993,12.8873,-0.0568,-0.2711,0.0467,0.1370,-50.0000,-185.0000,-0.6272,4.6659,-1.1649,74,2
1778392086.6240,-3.0584,8.5992,4.1987,-6.5883,20.9739,4.8993,12.8873,-0.0534,-0.2670,0.0467,0.1370,-52.0000,-179.0000,-0.6162,4.6689,-1.1485,74,2
1778392086.6340,-3.0584,8.5992,4.1987,-6.5883,20.9739,4.8993,12.8873,-0.0534,-0.2670,0.0467,0.1370,-52.0000,-179.0000,-0.6056,4.6717,-1.1295,73,2
1778392086.6440,-3.0822,8.7519,4.2561,-6.5347,20.9800,4.9023,12.7226,-0.0520,-0.2645,0.0467,0.1370,-51.5000,-175.5000,-0.5954,4.6743,-1.1089,73,2
1778392086.6540,-3.0822,8.7519,4.2561,-6.5347,20.9800,4.9023,12.7226,-0.0520,-0.2645,0.0467,0.1370,-51.5000,-175.5000,-0.5751,4.6791,-1.0648,73,2
1778392086.6640,-3.0822,8.7519,4.2561,-6.5347,20.9800,4.9023,12.7226,-0.0520,-0.2645,0.0467,0.1370,-51.5000,-175.5000,-0.5651,4.6813,-1.0419,72,2
1778392086.6741,-3.1112,8.9043,4.3051,-6.4728,20.9897,4.9142,12.5590,-0.0504,-0.2614,0.0467,0.1370,-52.0000,-170.0000,-0.5550,4.6835,-1.0188,72,2
1778392086.6841,-3.1112,8.9043,4.3051,-6.4728,20.9897,4.9142,12.5590,-0.0504,-0.2614,0.0467,0.1370,-52.0000,-170.0000,-0.5449,4.6856,-0.9959,72,2
1778392086.6940,-3.1112,8.9043,4.3051,-6.4728,20.9897,4.9142,12.5590,-0.0526,-0.2588,0.0467,0.1370,-52.0000,-170.0000,-0.5241,4.6895,-0.9508,73,2
1778392086.7040,-3.1285,9.0530,4.3246,-6.4167,20.9904,4.9022,12.3954,-0.0526,-0.2588,0.0467,0.1370,-52.0000,-170.0000,-0.5136,4.6915,-0.9286,73,2
1778392086.7141,-3.1285,9.0530,4.3246,-6.4167,20.9904,4.9022,12.3954,-0.0526,-0.2588,0.0467,0.1370,-52.0000,-170.0000,-0.5029,4.6935,-0.9069,73,2
1778392086.7240,-3.1285,9.0530,4.3246,-6.4167,20.9904,4.9022,12.3954,-0.0519,-0.2558,0.0467,0.1370,-50.5000,-162.0000,-0.4918,4.6954,-0.8859,73,2
1778392086.7340,-3.1285,9.0530,4.3246,-6.4167,20.9904,4.9022,12.3954,-0.0519,-0.2558,0.0467,0.1370,-50.5000,-162.0000,-0.4690,4.6993,-0.8464,77,2
1778392086.7440,-3.1461,9.1995,4.3499,-6.3607,20.9993,4.9146,12.2429,-0.0457,-0.2540,0.0467,0.1370,-50.5000,-148.5000,-0.4572,4.7014,-0.8278,77,2
1778392086.7540,-3.1461,9.1995,4.3499,-6.3607,20.9993,4.9146,12.2429,-0.0457,-0.2540,0.0467,0.1370,-50.5000,-148.5000,-0.4453,4.7033,-0.8095,77,2
1778392086.7640,-3.1461,9.1995,4.3499,-6.3607,20.9993,4.9146,12.2429,-0.0457,-0.2540,0.0467,0.1370,-50.5000,-148.5000,-0.4333,4.7052,-0.7914,78,2
1778392086.7741,-3.1557,9.3452,4.3574,-6.3104,21.0093,4.9106,12.0958,-0.0430,-0.2506,0.1019,0.2189,-52.0000,-141.5000,-0.4090,4.7089,-0.7560,78,2
1778392086.7840,-3.1557,9.3452,4.3574,-6.3104,21.0093,4.9106,12.0958,-0.0430,-0.2506,0.1019,0.2189,-52.0000,-141.5000,-0.3968,4.7107,-0.7380,78,2
1778392086.7940,-3.1557,9.3452,4.3574,-6.3104,21.0093,4.9106,12.0958,-0.0448,-0.2476,0.1019,0.2189,-52.0000,-141.5000,-0.3845,4.7124,-0.7200,78,2
1778392086.8040,-3.1728,9.4999,4.3821,-6.2510,21.0030,4.8990,11.9191,-0.0448,-0.2476,0.1019,0.2189,-52.0000,-141.5000,-0.3725,4.7141,-0.7009,77,2
1778392086.8140,-3.1728,9.4999,4.3821,-6.2510,21.0030,4.8990,11.9191,-0.0448,-0.2476,0.1019,0.2189,-52.0000,-141.5000,-0.3495,4.7168,-0.6564,77,2
1778392086.8240,-3.1728,9.4999,4.3821,-6.2510,21.0030,4.8990,11.9191,-0.0451,-0.2446,0.1019,0.2189,-51.5000,-139.0000,-0.3383,4.7180,-0.6325,77,2
1778392086.8340,-3.1728,9.4999,4.3821,-6.2510,21.0030,4.8990,11.9191,-0.0451,-0.2446,0.1019,0.2189,-51.5000,-139.0000,-0.3271,4.7192,-0.6083,75,2
1778392086.8441,-3.1768,9.6461,4.4177,-6.1893,21.0055,4.8859,11.7614,-0.0430,-0.2419,0.1019,0.2189,-53.5000,-134.0000,-0.3159,4.7203,-0.5842,75,2
1778392086.8540,-3.1768,9.6461,4.4177,-6.1893,21.0055,4.8859,11.7614,-0.0430,-0.2419,0.1019,0.2189,-53.5000,-134.0000,-0.2928,4.7223,-0.5367,75,2
1778392086.8640,-3.1768,9.6461,4.4177,-6.1893,21.0055,4.8859,11.7614,-0.0430,-0.2419,0.1019,0.2189,-53.5000,-134.0000,-0.2810,4.7232,-0.5139,76,2
1778392086.8741,-3.1908,9.8017,4.4278,-6.1444,21.0034,4.9000,11.5942,-0.0438,-0.2396,0.1019,0.2189,-52.0000,-128.0000,-0.2689,4.7242,-0.4916,76,2
1778392086.8841,-3.1908,9.8017,4.4278,-6.1444,21.0034,4.9000,11.5942,-0.0438,-0.2396,0.1019,0.2189,-52.0000,-128.0000,-0.2567,4.7251,-0.4699,76,2
1778392086.8940,-3.1908,9.8017,4.4278,-6.1444,21.0034,4.9000,11.5942,-0.0464,-0.2374,0.1019,0.2189,-52.0000,-128.0000,-0.2314,4.7269,-0.4280,80,2
1778392086.9040,-3.2068,9.9493,4.4318,-6.0817,20.9984,4.8985,11.4265,-0.0464,-0.2374,0.1019,0.2189,-52.0000,-128.0000,-0.2185,4.7277,-0.4078,80,2
1778392086.9144,-3.2068,9.9493,4.4318,-6.0817,20.9984,4.8985,11.4265,-0.0464,-0.2374,0.1019,0.2189,-52.0000,-128.0000,-0.2055,4.7285,-0.3881,80,2
1778392086.9240,-3.2068,9.9493,4.4318,-6.0817,20.9984,4.8985,11.4265,-0.0411,-0.2348,0.1019,0.2189,-53.0000,-114.0000,-0.1922,4.7293,-0.3690,80,2
1778392086.9340,-3.2138,10.1037,4.4416,-6.0103,20.9944,4.8991,11.2533,-0.0411,-0.2348,0.1019,0.2189,-53.0000,-114.0000,-0.1648,4.7308,-0.3331,83,2
1778392086.9440,-3.2138,10.1037,4.4416,-6.0103,20.9944,4.8991,11.2533,-0.0402,-0.2325,0.1019,0.2189,-53.5000,-109.0000,-0.1509,4.7316,-0.3157,83,2
1778392086.9540,-3.2138,10.1037,4.4416,-6.0103,20.9944,4.8991,11.2533,-0.0402,-0.2325,0.1019,0.2189,-53.5000,-109.0000,-0.1370,4.7322,-0.2979,83,2
1778392086.9640,-3.2138,10.1037,4.4416,-6.0103,20.9944,4.8991,11.2533,-0.0402,-0.2325,0.1019,0.2189,-53.5000,-109.0000,-0.1091,4.7335,-0.2627,83,2
1778392086.9740,-3.2172,10.2599,4.4644,-5.9518,20.9993,4.8974,11.0905,-0.0397,-0.2292,0.1153,0.3044,-54.5000,-105.0000,-0.0951,4.7342,-0.2454,83,2
1778392086.9841,-3.2172,10.2599,4.4644,-5.9518,20.9993,4.8974,11.0905,-0.0397,-0.2292,0.1153,0.3044,-54.5000,-105.0000,-0.0810,4.7348,-0.2283,83,2
1778392086.9940,-3.2172,10.2599,4.4644,-5.9518,20.9993,4.8974,11.0905,-0.0404,-0.2278,0.1153,0.3044,-54.5000,-105.0000,-0.0667,4.7354,-0.2116,83,2
1778392087.0040,-3.2245,10.4105,4.4434,-5.8784,21.0028,4.9083,10.9296,-0.0404,-0.2278,0.1153,0.3044,-54.5000,-105.0000,-0.0383,4.7366,-0.1789,83,2
1778392087.0141,-3.2245,10.4105,4.4434,-5.8784,21.0028,4.9083,10.9296,-0.0404,-0.2278,0.1153,0.3044,-54.5000,-105.0000,-0.0241,4.7372,-0.1626,83,2
1778392087.0240,-3.2245,10.4105,4.4434,-5.8784,21.0028,4.9083,10.9296,-0.0380,-0.2253,0.1153,0.3044,-55.5000,-100.0000,-0.0099,4.7377,-0.1465,83,2
1778392087.0340,-3.2209,10.5621,4.4661,-5.8198,20.9985,4.9240,10.7648,-0.0380,-0.2253,0.1153,0.3044,-55.5000,-100.0000,0.0044,4.7382,-0.1309,83,2
1778392087.0441,-3.2209,10.5621,4.4661,-5.8198,20.9985,4.9240,10.7648,-0.0411,-0.2234,0.1153,0.3044,-55.5000,-102.0000,0.0336,4.7391,-0.1012,83,2
1778392087.0540,-3.2209,10.5621,4.4661,-5.8198,20.9985,4.9240,10.7648,-0.0411,-0.2234,0.1153,0.3044,-55.5000,-102.0000,0.0485,4.7394,-0.0866,83,2
1778392087.0640,-3.2209,10.5621,4.4661,-5.8198,20.9985,4.9240,10.7648,-0.0411,-0.2234,0.1153,0.3044,-55.5000,-102.0000,0.0634,4.7397,-0.0724,86,2
1778392087.0740,-3.2436,10.7061,4.4766,-5.7534,21.0033,4.9328,10.6084,-0.0393,-0.2203,0.1153,0.3044,-57.0000,-93.0000,0.0785,4.7399,-0.0587,86,2
1778392087.0840,-3.2436,10.7061,4.4766,-5.7534,21.0033,4.9328,10.6084,-0.0393,-0.2203,0.1153,0.3044,-57.0000,-93.0000,0.1096,4.7400,-0.0333,86,2
1778392087.0940,-3.2436,10.7061,4.4766,-5.7534,21.0033,4.9328,10.6084,-0.0428,-0.2177,0.1153,0.3044,-57.0000,-93.0000,0.1252,4.7400,-0.0211,87,2
1778392087.1041,-3.2326,10.8582,4.4761,-5.7019,21.0044,4.9404,10.4527,-0.0428,-0.2177,0.1153,0.3044,-57.0000,-93.0000,0.1409,4.7400,-0.0087,87,2
1778392087.1141,-3.2326,10.8582,4.4761,-5.7019,21.0044,4.9404,10.4527,-0.0428,-0.2177,0.1153,0.3044,-57.0000,-93.0000,0.1568,4.7399,0.0038,87,2
1778392087.1241,-3.2326,10.8582,4.4761,-5.7019,21.0044,4.9404,10.4527,-0.0403,-0.2177,0.1153,0.3044,-55.5000,-84.5000,0.1885,4.7395,0.0281,87,2
1778392087.1340,-3.2326,10.8582,4.4761,-5.7019,21.0044,4.9404,10.4527,-0.0403,-0.2177,0.1153,0.3044,-55.5000,-84.5000,0.2046,4.7393,0.0397,85,2
1778392087.1441,-3.2234,11.0122,4.4819,-5.6358,21.0177,4.9285,10.3019,-0.0404,-0.2152,0.1153,0.3044,-56.5000,-81.5000,0.2208,4.7390,0.0508,85,2
1778392087.1541,-3.2234,11.0122,4.4819,-5.6358,21.0177,4.9285,10.3019,-0.0404,-0.2152,0.1153,0.3044,-56.5000,-81.5000,0.2371,4.7387,0.0619,85,2
1778392087.1640,-3.2234,11.0122,4.4819,-5.6358,21.0177,4.9285,10.3019,-0.0404,-0.2152,0.1153,0.3044,-56.5000,-81.5000,0.2694,4.7381,0.0845,85,2
1778392087.1741,-3.2115,11.1611,4.4813,-5.5768,21.0178,4.9432,10.1471,-0.0400,-0.2117,0.1153,0.3044,-58.5000,-78.5000,0.2855,4.7377,0.0959,85,2
1778392087.1840,-3.2115,11.1611,4.4813,-5.5768,21.0178,4.9432,10.1471,-0.0400,-0.2117,0.1153,0.3044,-58.5000,-78.5000,0.3016,4.7372,0.1073,85,2
1778392087.1940,-3.2115,11.1611,4.4813,-5.5768,21.0178,4.9432,10.1471,-0.0404,-0.2106,0.1153,0.3044,-58.5000,-78.5000,0.3016,4.7372,0.1073,85,2
1778392087.2040,-3.2135,11.3161,4.4785,-5.5196,21.0131,4.9368,9.9780,-0.0404,-0.2106,0.1153,0.3044,-58.5000,-78.5000,0.3498,4.7358,0.1404,85,2
1778392087.2141,-3.2135,11.3161,4.4785,-5.5196,21.0131,4.9368,9.9780,-0.0404,-0.2106,0.1153,0.3044,-58.5000,-78.5000,0.3659,4.7353,0.1510,85,2
1778392087.2240,-3.2135,11.3161,4.4785,-5.5196,21.0131,4.9368,9.9780,-0.0398,-0.2088,0.1150,0.3863,-58.5000,-77.5000,0.3819,4.7347,0.1612,85,2
1778392087.2340,-3.2033,11.4600,4.4746,-5.4639,21.0210,4.9441,9.8358,-0.0398,-0.2088,0.1150,0.3863,-58.5000,-77.5000,0.3980,4.7342,0.1709,88,2
1778392087.2441,-3.2033,11.4600,4.4746,-5.4639,21.0210,4.9441,9.8358,-0.0391,-0.2083,0.1150,0.3863,-58.0000,-77.0000,0.4301,4.7332,0.1887,88,2
1778392087.2540,-3.2033,11.4600,4.4746,-5.4639,21.0210,4.9441,9.8358,-0.0391,-0.2083,0.1150,0.3863,-58.0000,-77.0000,0.4463,4.7328,0.1960,88,2
1778392087.2640,-3.2033,11.4600,4.4746,-5.4639,21.0210,4.9441,9.8358,-0.0391,-0.2083,0.1150,0.3863,-58.0000,-77.0000,0.4624,4.7325,0.2026,91,2
1778392087.2741,-3.1806,11.6157,4.4941,-5.4121,21.0263,4.9400,9.6819,-0.0398,-0.2088,0.1150,0.3863,-54.5000,-78.0000,0.4785,4.7321,0.2088,91,2
1778392087.2840,-3.1806,11.6157,4.4941,-5.4121,21.0263,4.9400,9.6819,-0.0398,-0.2088,0.1150,0.3863,-54.5000,-78.0000,0.5110,4.7310,0.2203,91,2
1778392087.2940,-3.1806,11.6157,4.4941,-5.4121,21.0263,4.9400,9.6819,-0.0417,-0.2068,0.1150,0.3863,-54.5000,-78.0000,0.5273,4.7303,0.2254,89,2
1778392087.3040,-3.1722,11.7714,4.4756,-5.3576,21.0391,4.9304,9.5328,-0.0417,-0.2068,0.1150,0.3863,-54.5000,-78.0000,0.5436,4.7296,0.2302,89,2
1778392087.3141,-3.1722,11.7714,4.4756,-5.3576,21.0391,4.9304,9.5328,-0.0417,-0.2068,0.1150,0.3863,-54.5000,-78.0000,0.5436,4.7296,0.2302,89,2
1778392087.3241,-3.1722,11.7714,4.4756,-5.3576,21.0391,4.9304,9.5328,-0.0484,-0.2043,0.1150,0.3863,-54.5000,-85.0000,0.5933,4.7269,0.2433,89,2
1778392087.3341,-3.1508,11.9253,4.4625,-5.2912,21.0480,4.9394,9.3825,-0.0484,-0.2043,0.1150,0.3863,-54.5000,-85.0000,0.6099,4.7259,0.2472,89,2
1778392087.3441,-3.1508,11.9253,4.4625,-5.2912,21.0480,4.9394,9.3825,-0.0472,-0.2032,0.1150,0.3863,-53.5000,-77.5000,0.6267,4.7248,0.2508,89,2
1778392087.3541,-3.1508,11.9253,4.4625,-5.2912,21.0480,4.9394,9.3825,-0.0472,-0.2032,0.1150,0.3863,-53.5000,-77.5000,0.6435,4.7235,0.2541,89,2
1778392087.3640,-3.1508,11.9253,4.4625,-5.2912,21.0480,4.9394,9.3825,-0.0472,-0.2032,0.1150,0.3863,-53.5000,-77.5000,0.6776,4.7210,0.2582,90,2
1778392087.3741,-3.1408,12.0834,4.4510,-5.2455,21.0545,4.9450,9.2279,-0.0508,-0.1977,0.1150,0.3863,-57.0000,-79.0000,0.6947,4.7197,0.2599,90,2
1778392087.3841,-3.1408,12.0834,4.4510,-5.2455,21.0545,4.9450,9.2279,-0.0508,-0.1977,0.1150,0.3863,-57.0000,-79.0000,0.7118,4.7182,0.2619,90,2
1778392087.3940,-3.1408,12.0834,4.4510,-5.2455,21.0545,4.9450,9.2279,-0.0519,-0.1964,0.1150,0.3863,-57.0000,-79.0000,0.7118,4.7182,0.2619,94,2
1778392087.4041,-3.1084,12.2401,4.4520,-5.1949,21.0535,4.9500,9.0706,-0.0519,-0.1964,0.1150,0.3863,-57.0000,-79.0000,0.7624,4.7138,0.2690,94,2
1778392087.4141,-3.1084,12.2401,4.4520,-5.1949,21.0535,4.9500,9.0706,-0.0519,-0.1964,0.1150,0.3863,-57.0000,-79.0000,0.7624,4.7138,0.2690,94,2
1778392087.4241,-3.1084,12.2401,4.4520,-5.1949,21.0535,4.9500,9.0706,-0.0474,-0.1989,0.1150,0.3863,-53.0000,-70.0000,0.7959,4.7106,0.2735,94,2
1778392087.4340,-3.0936,12.3874,4.4232,-5.1064,21.0619,4.9676,8.9215,-0.0474,-0.1989,0.1150,0.3863,-53.0000,-70.0000,0.8126,4.7090,0.2757,97,2
1778392087.4441,-3.0936,12.3874,4.4232,-5.1064,21.0619,4.9676,8.9215,-0.0479,-0.1999,0.1150,0.3863,-49.5000,-69.5000,0.8457,4.7057,0.2799,97,2
1778392087.4540,-3.0936,12.3874,4.4232,-5.1064,21.0619,4.9676,8.9215,-0.0479,-0.1999,0.1150,0.3863,-49.5000,-69.5000,0.8457,4.7057,0.2799,97,2
1778392087.4640,-3.0936,12.3874,4.4232,-5.1064,21.0619,4.9676,8.9215,-0.0479,-0.1999,0.1150,0.3863,-49.5000,-69.5000,0.8781,4.7024,0.2858,96,2
1778392087.4741,-3.0730,12.5445,4.4167,-5.0503,21.0679,4.9610,8.7666,-0.0526,-0.2002,0.1150,0.3863,-45.0000,-76.0000,0.8781,4.7024,0.2858,96,2
1778392087.4841,-3.0730,12.5445,4.4167,-5.0503,21.0679,4.9610,8.7666,-0.0526,-0.2002,0.1150,0.3863,-45.0000,-76.0000,0.9251,4.6972,0.2962,96,2
1778392087.4940,-3.0730,12.5445,4.4167,-5.0503,21.0679,4.9610,8.7666,-0.0514,-0.1991,0.1150,0.3863,-45.0000,-76.0000,0.9251,4.6972,0.2962,97,2
1778392087.5041,-3.0482,12.6953,4.3930,-4.9969,21.0756,4.9590,8.6225,-0.0514,-0.1991,0.1150,0.3863,-45.0000,-76.0000,0.9560,4.6939,0.3019,97,2
1778392087.5140,-3.0482,12.6953,4.3930,-4.9969,21.0756,4.9590,8.6225,-0.0514,-0.1991,0.1150,0.3863,-45.0000,-76.0000,0.9560,4.6939,0.3019,97,2
1778392087.5241,-3.0482,12.6953,4.3930,-4.9969,21.0756,4.9590,8.6225,-0.0525,-0.1961,0.1150,0.3863,-47.5000,-79.5000,0.9714,4.6922,0.3038,97,2
1778392087.5340,-3.0212,12.8459,4.3817,-4.9379,21.0819,4.9598,8.4758,-0.0525,-0.1961,0.1150,0.3863,-47.5000,-79.5000,0.9867,4.6905,0.3054,98,2
1778392087.5441,-3.0212,12.8459,4.3817,-4.9379,21.0819,4.9598,8.4758,-0.0556,-0.1969,0.1150,0.3863,-43.0000,-86.5000,1.0169,4.6873,0.3080,98,2
1778392087.5541,-3.0212,12.8459,4.3817,-4.9379,21.0819,4.9598,8.4758,-0.0556,-0.1969,0.1150,0.3863,-43.0000,-86.5000,1.0319,4.6857,0.3089,98,2
1778392087.5641,-3.0212,12.8459,4.3817,-4.9379,21.0819,4.9598,8.4758,-0.0556,-0.1969,0.1150,0.3863,-43.0000,-86.5000,1.0467,4.6841,0.3092,102,2
1778392087.5741,-2.9851,13.0047,4.3751,-4.8713,21.0845,4.9502,8.3169,-0.0557,-0.1968,0.1150,0.3863,-42.0000,-88.5000,1.0761,4.6811,0.3087,102,2
1778392087.5841,-2.9851,13.0047,4.3751,-4.8713,21.0845,4.9502,8.3169,-0.0557,-0.1968,0.1150,0.3863,-42.0000,-88.5000,1.0907,4.6796,0.3073,102,2
1778392087.5940,-2.9851,13.0047,4.3751,-4.8713,21.0845,4.9502,8.3169,-0.0528,-0.1956,0.1150,0.3863,-42.0000,-88.5000,1.1052,4.6782,0.3054,107,2
1778392087.6041,-2.9670,13.1562,4.3685,-4.7968,21.0885,4.9587,8.1619,-0.0528,-0.1956,0.1150,0.3863,-42.0000,-88.5000,1.1196,4.6768,0.3031,107,2
1778392087.6141,-2.9670,13.1562,4.3685,-4.7968,21.0885,4.9587,8.1619,-0.0528,-0.1956,0.1150,0.3863,-42.0000,-88.5000,1.1478,4.6742,0.2978,107,2
1778392087.6242,-2.9670,13.1562,4.3685,-4.7968,21.0885,4.9587,8.1619,-0.0563,-0.1985,0.1150,0.3863,-35.5000,-95.5000,1.1616,4.6729,0.2950,107,2
1778392087.6341,-2.9356,13.3078,4.3542,-4.7361,21.1014,4.9698,8.0225,-0.0563,-0.1985,0.1150,0.3863,-35.5000,-95.5000,1.1752,4.6717,0.2922,107,2
1778392087.6441,-2.9356,13.3078,4.3542,-4.7361,21.1014,4.9698,8.0225,-0.0629,-0.1997,0.0224,0.4225,-30.5000,-107.5000,1.1886,4.6704,0.2895,107,2
1778392087.6541,-2.9356,13.3078,4.3542,-4.7361,21.1014,4.9698,8.0225,-0.0629,-0.1997,0.0224,0.4225,-30.5000,-107.5000,1.2149,4.6681,0.2827,107,2
1778392087.6641,-2.9356,13.3078,4.3542,-4.7361,21.1014,4.9698,8.0225,-0.0629,-0.1997,0.0224,0.4225,-30.5000,-107.5000,1.2278,4.6670,0.2786,106,2
1778392087.6741,-2.8985,13.4566,4.3534,-4.6734,21.1136,4.9811,7.8851,-0.0689,-0.1972,0.0224,0.4225,-31.0000,-119.5000,1.2406,4.6660,0.2745,106,2
1778392087.6841,-2.8985,13.4566,4.3534,-4.6734,21.1136,4.9811,7.8851,-0.0689,-0.1972,0.0224,0.4225,-31.0000,-119.5000,1.2540,4.6651,0.2641,106,2
1778392087.6941,-2.8985,13.4566,4.3534,-4.6734,21.1136,4.9811,7.8851,-0.0661,-0.1963,0.0224,0.4225,-31.0000,-119.5000,1.2844,4.6642,0.2155,107,2
1778392087.7041,-2.8522,13.6123,4.3577,-4.6138,21.1218,4.9837,7.7387,-0.0661,-0.1963,0.0224,0.4225,-31.0000,-119.5000,1.3003,4.6640,0.1841,107,2
1778392087.7141,-2.8522,13.6123,4.3577,-4.6138,21.1218,4.9837,7.7387,-0.0661,-0.1963,0.0224,0.4225,-31.0000,-119.5000,1.3165,4.6638,0.1504,107,2
1778392087.7241,-2.8522,13.6123,4.3577,-4.6138,21.1218,4.9837,7.7387,-0.0715,-0.1979,0.0224,0.4225,-26.5000,-127.5000,1.3326,4.6637,0.1161,107,2
1778392087.7341,-2.8102,13.7690,4.3532,-4.5667,21.1391,4.9760,7.6020,-0.0715,-0.1979,0.0224,0.4225,-26.5000,-127.5000,1.3641,4.6634,0.0491,107,2
1778392087.7441,-2.8102,13.7690,4.3532,-4.5667,21.1391,4.9760,7.6020,-0.0707,-0.1966,0.0224,0.4225,-26.5000,-127.5000,1.3794,4.6633,0.0169,113,2
1778392087.7541,-2.8102,13.7690,4.3532,-4.5667,21.1391,4.9760,7.6020,-0.0707,-0.1966,0.0224,0.4225,-26.5000,-127.5000,1.3945,4.6631,-0.0143,113,2
1778392087.7641,-2.8102,13.7690,4.3532,-4.5667,21.1391,4.9760,7.6020,-0.0707,-0.1966,0.0224,0.4225,-26.5000,-127.5000,1.4093,4.6629,-0.0447,120,2
1778392087.7741,-2.7702,13.9144,4.3700,-4.5184,21.1503,4.9832,7.4693,-0.0726,-0.2053,0.0224,0.4225,-13.0000,-128.5000,1.4239,4.6626,-0.0741,120,2
1778392087.7841,-2.7702,13.9144,4.3700,-4.5184,21.1503,4.9832,7.4693,-0.0726,-0.2053,0.0224,0.4225,-13.0000,-128.5000,1.4521,4.6619,-0.1292,120,2
1778392087.7941,-2.7702,13.9144,4.3700,-4.5184,21.1503,4.9832,7.4693,-0.0720,-0.2040,0.0224,0.4225,-13.0000,-128.5000,1.4658,4.6615,-0.1547,120,2
1778392087.8041,-2.7279,14.0747,4.3822,-4.4537,21.1587,4.9708,7.3149,-0.0720,-0.2040,0.0224,0.4225,-13.0000,-128.5000,1.4921,4.6606,-0.2016,120,2
1778392087.8141,-2.7279,14.0747,4.3822,-4.4537,21.1587,4.9708,7.3149,-0.0720,-0.2040,0.0224,0.4225,-13.0000,-128.5000,1.5048,4.6601,-0.2231,120,2
1778392087.8241,-2.7279,14.0747,4.3822,-4.4537,21.1587,4.9708,7.3149,-0.0778,-0.2066,0.0224,0.4225,-7.0000,-136.5000,1.5172,4.6596,-0.2434,120,2
1778392087.8341,-2.6844,14.2296,4.3856,-4.3847,21.1601,4.9709,7.1600,-0.0778,-0.2066,0.0224,0.4225,-7.0000,-136.5000,1.5292,4.6589,-0.2624,118,2
1778392087.8441,-2.6844,14.2296,4.3856,-4.3847,21.1601,4.9709,7.1600,-0.0824,-0.2055,0.0224,0.4225,-6.0000,-144.0000,1.5525,4.6576,-0.2973,118,2
1778392087.8541,-2.6844,14.2296,4.3856,-4.3847,21.1601,4.9709,7.1600,-0.0824,-0.2055,0.0224,0.4225,-6.0000,-144.0000,1.5638,4.6569,-0.3138,118,2
1778392087.8640,-2.6844,14.2296,4.3856,-4.3847,21.1601,4.9709,7.1600,-0.0824,-0.2055,0.0224,0.4225,-6.0000,-144.0000,1.5747,4.6562,-0.3297,121,2
1778392087.8741,-2.6319,14.3769,4.3908,-4.3295,21.1705,4.9759,7.0269,-0.0817,-0.2084,0.0224,0.4225,-1.5000,-143.0000,1.5855,4.6555,-0.3448,121,2
1778392087.8841,-2.6319,14.3769,4.3908,-4.3295,21.1705,4.9759,7.0269,-0.0817,-0.2084,0.0224,0.4225,-1.5000,-143.0000,1.6066,4.6540,-0.3744,121,2
1778392087.8941,-2.6319,14.3769,4.3908,-4.3295,21.1705,4.9759,7.0269,-0.0806,-0.2077,0.0224,0.4225,-1.5000,-143.0000,1.6168,4.6533,-0.3886,128,2
1778392087.9041,-2.5851,14.5387,4.3958,-4.2810,21.1779,4.9717,6.8765,-0.0806,-0.2077,0.0224,0.4225,-1.5000,-143.0000,1.6268,4.6525,-0.4025,128,2
1778392087.9141,-2.5851,14.5387,4.3958,-4.2810,21.1779,4.9717,6.8765,-0.0806,-0.2077,0.0224,0.4225,-1.5000,-143.0000,1.6366,4.6518,-0.4158,128,2
1778392087.9241,-2.5851,14.5387,4.3958,-4.2810,21.1779,4.9717,6.8765,-0.0775,-0.2131,0.0224,0.4225,6.0000,-138.5000,1.6555,4.6503,-0.4404,128,2
1778392087.9341,-2.5265,14.6891,4.4084,-4.2197,21.1846,4.9713,6.7360,-0.0775,-0.2131,0.0224,0.4225,6.0000,-138.5000,1.6646,4.6495,-0.4517,135,2
1778392087.9441,-2.5265,14.6891,4.4084,-4.2197,21.1846,4.9713,6.7360,-0.0747,-0.2210,-0.0248,0.3373,17.5000,-135.0000,1.6735,4.6487,-0.4623,135,2
1778392087.9541,-2.5265,14.6891,4.4084,-4.2197,21.1846,4.9713,6.7360,-0.0747,-0.2210,-0.0248,0.3373,17.5000,-135.0000,1.6822,4.6479,-0.4722,135,2
1778392087.9640,-2.4832,14.8355,4.4124,-4.1704,21.1941,4.9644,6.6018,-0.0747,-0.2210,-0.0248,0.3373,17.5000,-135.0000,1.6988,4.6462,-0.4892,136,2
1778392087.9741,-2.4832,14.8355,4.4124,-4.1704,21.1941,4.9644,6.6018,-0.0799,-0.2253,-0.0248,0.3373,25.0000,-143.0000,1.7071,4.6454,-0.4987,136,2
1778392087.9841,-2.4832,14.8355,4.4124,-4.1704,21.1941,4.9644,6.6018,-0.0799,-0.2253,-0.0248,0.3373,25.0000,-143.0000,1.7156,4.6446,-0.5115,136,2
1778392087.9940,-2.4832,14.8355,4.4124,-4.1704,21.1941,4.9644,6.6018,-0.0776,-0.2252,-0.0248,0.3373,25.0000,-143.0000,1.7240,4.6439,-0.5258,134,2
1778392088.0041,-2.4229,14.9852,4.4642,-4.1176,21.1994,4.9656,6.4606,-0.0776,-0.2252,-0.0248,0.3373,25.0000,-143.0000,1.7323,4.6433,-0.5411,134,2
1778392088.0141,-2.4229,14.9852,4.4642,-4.1176,21.1994,4.9656,6.4606,-0.0776,-0.2252,-0.0248,0.3373,25.0000,-143.0000,1.7481,4.6425,-0.5738,134,2
1778392088.0241,-2.4229,14.9852,4.4642,-4.1176,21.1994,4.9656,6.4606,-0.0746,-0.2262,-0.0248,0.3373,26.0000,-146.5000,1.7554,4.6423,-0.5900,134,2
1778392088.0341,-2.3694,15.1404,4.4925,-4.0758,21.2016,4.9583,6.3140,-0.0746,-0.2262,-0.0248,0.3373,26.0000,-146.5000,1.7623,4.6423,-0.6058,135,2
1778392088.0441,-2.3694,15.1404,4.4925,-4.0758,21.2016,4.9583,6.3140,-0.0786,-0.2306,-0.0248,0.3373,32.5000,-158.0000,1.7746,4.6425,-0.6358,135,2
1778392088.0541,-2.3694,15.1404,4.4925,-4.0758,21.2016,4.9583,6.3140,-0.0786,-0.2306,-0.0248,0.3373,32.5000,-158.0000,1.7801,4.6429,-0.6501,135,2
1778392088.0641,-2.3694,15.1404,4.4925,-4.0758,21.2016,4.9583,6.3140,-0.0786,-0.2306,-0.0248,0.3373,32.5000,-158.0000,1.7851,4.6433,-0.6640,144,2
1778392088.0741,-2.3123,15.2855,4.5111,-4.0217,21.2062,4.9568,6.1786,-0.0731,-0.2363,-0.0248,0.3373,39.0000,-163.0000,1.7898,4.6439,-0.6777,144,2
1778392088.0841,-2.3123,15.2855,4.5111,-4.0217,21.2062,4.9568,6.1786,-0.0731,-0.2363,-0.0248,0.3373,39.0000,-163.0000,1.7978,4.6454,-0.7058,144,2
1778392088.0941,-2.3123,15.2855,4.5111,-4.0217,21.2062,4.9568,6.1786,-0.0646,-0.2377,-0.0248,0.3373,39.0000,-163.0000,1.8012,4.6463,-0.7195,153,2
1778392088.1042,-2.2540,15.4459,4.4993,-3.9658,21.2107,4.9546,6.0308,-0.0646,-0.2377,-0.0248,0.3373,39.0000,-163.0000,1.8042,4.6472,-0.7331,153,2
1778392088.1142,-2.2540,15.4459,4.4993,-3.9658,21.2107,4.9546,6.0308,-0.0646,-0.2377,-0.0248,0.3373,39.0000,-163.0000,1.8069,4.6482,-0.7465,153,2
1778392088.1241,-2.2540,15.4459,4.4993,-3.9658,21.2107,4.9546,6.0308,-0.0688,-0.2503,-0.0014,0.2202,56.5000,-173.0000,1.8111,4.6505,-0.7721,153,2
1778392088.1341,-2.1898,15.6037,4.5286,-3.9153,21.2185,4.9235,5.8871,-0.0688,-0.2503,-0.0014,0.2202,56.5000,-173.0000,1.8127,4.6517,-0.7842,155,2
1778392088.1441,-2.1898,15.6037,4.5286,-3.9153,21.2185,4.9235,5.8871,-0.0723,-0.2544,-0.0014,0.2202,61.5000,-186.0000,1.8140,4.6530,-0.7958,155,2
1778392088.1541,-2.1898,15.6037,4.5286,-3.9153,21.2185,4.9235,5.8871,-0.0723,-0.2544,-0.0014,0.2202,61.5000,-186.0000,1.8151,4.6541,-0.8069,155,2
1778392088.1641,-2.1279,15.7597,4.5578,-3.8491,21.2237,4.9119,5.7396,-0.0723,-0.2544,-0.0014,0.2202,61.5000,-186.0000,1.8165,4.6566,-0.8271,155,2
1778392088.1741,-2.1279,15.7597,4.5578,-3.8491,21.2237,4.9119,5.7396,-0.0683,-0.2552,-0.0014,0.2202,61.5000,-186.0000,1.8168,4.6579,-0.8371,155,2
1778392088.1841,-2.1279,15.7597,4.5578,-3.8491,21.2237,4.9119,5.7396,-0.0683,-0.2552,-0.0014,0.2202,61.5000,-186.0000,1.8168,4.6594,-0.8468,158,2
1778392088.1940,-2.1279,15.7597,4.5578,-3.8491,21.2237,4.9119,5.7396,-0.0683,-0.2587,-0.0014,0.2202,65.0000,-195.5000,1.8163,4.6610,-0.8562,167,2
1778392088.2041,-2.0745,15.9159,4.6016,-3.7843,21.2311,4.9130,5.5921,-0.0683,-0.2587,-0.0014,0.2202,65.0000,-195.5000,1.8140,4.6645,-0.8737,167,2
1778392088.2141,-2.0745,15.9159,4.6016,-3.7843,21.2311,4.9130,5.5921,-0.0683,-0.2587,-0.0014,0.2202,65.0000,-195.5000,1.8121,4.6664,-0.8818,167,2
1778392088.2241,-2.0745,15.9159,4.6016,-3.7843,21.2311,4.9130,5.5921,-0.0617,-0.2636,-0.0014,0.2202,69.5000,-198.0000,1.8097,4.6686,-0.8897,167,2
1778392088.2341,-2.0286,16.0705,4.6376,-3.6998,21.2373,4.9448,5.4391,-0.0617,-0.2636,-0.0014,0.2202,69.5000,-198.0000,1.8068,4.6709,-0.8979,174,2
1778392088.2441,-2.0286,16.0705,4.6376,-3.6998,21.2373,4.9448,5.4391,-0.0654,-0.2715,0.0124,0.1354,79.0000,-211.0000,1.7997,4.6757,-0.9142,174,2
1778392088.2541,-2.0286,16.0705,4.6376,-3.6998,21.2373,4.9448,5.4391,-0.0654,-0.2715,0.0124,0.1354,79.0000,-211.0000,1.7954,4.6783,-0.9222,174,2
1778392088.2641,-1.9861,16.2128,4.6655,-3.6405,21.2438,4.9634,5.3044,-0.0654,-0.2715,0.0124,0.1354,79.0000,-211.0000,1.7906,4.6809,-0.9300,183,2
1778392088.2741,-1.9861,16.2128,4.6655,-3.6405,21.2438,4.9634,5.3044,-0.0599,-0.2821,0.0124,0.1354,90.5000,-217.0000,1.7856,4.6836,-0.9378,183,2
1778392088.2841,-1.9861,16.2128,4.6655,-3.6405,21.2438,4.9634,5.3044,-0.0599,-0.2821,0.0124,0.1354,90.5000,-217.0000,1.7741,4.6891,-0.9543,183,2
1778392088.2941,-1.9861,16.2128,4.6655,-3.6405,21.2438,4.9634,5.3044,-0.0534,-0.2839,0.0124,0.1354,90.5000,-217.0000,1.7678,4.6920,-0.9624,192,2
1778392088.3041,-1.9309,16.3673,4.6961,-3.5767,21.2546,4.9623,5.1638,-0.0534,-0.2839,0.0124,0.1354,90.5000,-217.0000,1.7611,4.6950,-0.9706,192,2
1778392088.3141,-1.9309,16.3673,4.6961,-3.5767,21.2546,4.9623,5.1638,-0.0534,-0.2839,0.0124,0.1354,90.5000,-217.0000,1.7537,4.6981,-0.9787,192,2
1778392088.3241,-1.9309,16.3673,4.6961,-3.5767,21.2546,4.9623,5.1638,-0.0463,-0.2940,0.0888,0.0453,102.0000,-217.5000,1.7377,4.7047,-0.9940,192,2
1778392088.3341,-1.8841,16.5333,4.7352,-3.5190,21.2615,4.9561,5.0077,-0.0463,-0.2940,0.0888,0.0453,102.0000,-217.5000,1.7291,4.7080,-1.0011,188,2
1778392088.3441,-1.8841,16.5333,4.7352,-3.5190,21.2615,4.9561,5.0077,-0.0568,-0.2990,0.0888,0.0453,105.0000,-243.0000,1.7199,4.7114,-1.0076,188,2
1778392088.3541,-1.8841,16.5333,4.7352,-3.5190,21.2615,4.9561,5.0077,-0.0568,-0.2990,0.0888,0.0453,105.0000,-243.0000,1.7106,4.7146,-1.0116,188,2
1778392088.3641,-1.8262,16.6893,4.7499,-3.4661,21.2667,4.9406,4.8660,-0.0568,-0.2990,0.0888,0.0453,105.0000,-243.0000,1.6921,4.7203,-1.0078,194,2
1778392088.3742,-1.8262,16.6893,4.7499,-3.4661,21.2667,4.9406,4.8660,-0.0473,-0.3020,0.0888,0.0453,105.0000,-241.0000,1.6825,4.7230,-1.0035,194,2
1778392088.3841,-1.8262,16.6893,4.7499,-3.4661,21.2667,4.9406,4.8660,-0.0473,-0.3020,0.0888,0.0453,105.0000,-241.0000,1.6726,4.7257,-0.9987,194,2
1778392088.3941,-1.8262,16.6893,4.7499,-3.4661,21.2667,4.9406,4.8660,-0.0433,-0.3037,0.0888,0.0453,105.0000,-241.0000,1.6623,4.7285,-0.9934,206,2
1778392088.4041,-1.7775,16.8472,4.7862,-3.4020,21.2641,4.9386,4.7086,-0.0433,-0.3037,0.0888,0.0453,105.0000,-241.0000,1.6406,4.7339,-0.9817,206,2
1778392088.4141,-1.7775,16.8472,4.7862,-3.4020,21.2641,4.9386,4.7086,-0.0433,-0.3037,0.0888,0.0453,105.0000,-241.0000,1.6290,4.7367,-0.9755,206,2
1778392088.4241,-1.7775,16.8472,4.7862,-3.4020,21.2641,4.9386,4.7086,-0.0377,-0.3151,0.1233,-0.0391,116.0000,-245.5000,1.6171,4.7394,-0.9693,206,2
1778392088.4341,-1.7328,16.9968,4.8179,-3.3435,21.2613,4.9477,4.5604,-0.0377,-0.3151,0.1233,-0.0391,116.0000,-245.5000,1.6049,4.7422,-0.9630,216,2
1778392088.4441,-1.7328,16.9968,4.8179,-3.3435,21.2613,4.9477,4.5604,-0.0345,-0.3317,0.1233,-0.0391,137.0000,-248.5000,1.5790,4.7478,-0.9500,216,2
1778392088.4541,-1.7328,16.9968,4.8179,-3.3435,21.2613,4.9477,4.5604,-0.0345,-0.3317,0.1233,-0.0391,137.0000,-248.5000,1.5659,4.7504,-0.9420,216,2
1778392088.4641,-1.6746,17.1474,4.8361,-3.2826,21.2577,4.9408,4.4149,-0.0345,-0.3317,0.1233,-0.0391,137.0000,-248.5000,1.5527,4.7530,-0.9330,219,2
1778392088.4741,-1.6746,17.1474,4.8361,-3.2826,21.2577,4.9408,4.4149,-0.0312,-0.3471,0.1493,-0.1670,153.5000,-255.0000,1.5393,4.7554,-0.9235,219,2
1778392088.4841,-1.6746,17.1474,4.8361,-3.2826,21.2577,4.9408,4.4149,-0.0312,-0.3471,0.1493,-0.1670,153.5000,-255.0000,1.5112,4.7605,-0.9042,219,2
1778392088.4941,-1.6746,17.1474,4.8361,-3.2826,21.2577,4.9408,4.4149,-0.0352,-0.3482,0.1493,-0.1670,149.5000,-267.0000,1.4967,4.7630,-0.8947,219,2
1778392088.5041,-1.6348,17.3044,4.8733,-3.2374,21.2540,4.9497,4.2630,-0.0352,-0.3482,0.1493,-0.1670,149.5000,-267.0000,1.4818,4.7655,-0.8853,219,2
1778392088.5141,-1.6348,17.3044,4.8733,-3.2374,21.2540,4.9497,4.2630,-0.0352,-0.3482,0.1493,-0.1670,149.5000,-267.0000,1.4665,4.7680,-0.8758,219,2
1778392088.5241,-1.6348,17.3044,4.8733,-3.2374,21.2540,4.9497,4.2630,-0.0307,-0.3514,0.1493,-0.1670,149.5000,-267.0000,1.4341,4.7729,-0.8590,219,2
1778392088.5341,-1.5914,17.4605,4.8997,-3.1694,21.2569,4.9436,4.1115,-0.0307,-0.3514,0.1493,-0.1670,149.5000,-267.0000,1.4170,4.7754,-0.8518,225,2
1778392088.5443,-1.5914,17.4605,4.8997,-3.1694,21.2569,4.9436,4.1115,-0.0166,-0.3508,0.1493,-0.1670,145.5000,-253.0000,1.3991,4.7779,-0.8452,225,2
1778392088.5541,-1.5914,17.4605,4.8997,-3.1694,21.2569,4.9436,4.1115,-0.0166,-0.3508,0.1493,-0.1670,145.5000,-253.0000,1.3805,4.7803,-0.8389,225,2
1778392088.5641,-1.5499,17.6145,4.9069,-3.1240,21.2658,4.9504,3.9764,-0.0166,-0.3508,0.1493,-0.1670,145.5000,-253.0000,1.3614,4.7826,-0.8328,237,2
1778392088.5741,-1.5499,17.6145,4.9069,-3.1240,21.2658,4.9504,3.9764,-0.0140,-0.3630,0.1493,-0.1670,156.5000,-258.5000,1.3219,4.7870,-0.8187,237,2
1778392088.5841,-1.5499,17.6145,4.9069,-3.1240,21.2658,4.9504,3.9764,-0.0140,-0.3630,0.1493,-0.1670,156.5000,-258.5000,1.3016,4.7889,-0.8105,237,2
1778392088.5941,-1.5076,17.7735,4.9289,-3.0699,21.2637,4.9331,3.8239,-0.0096,-0.3671,0.2356,-0.2470,156.5000,-258.5000,1.2811,4.7908,-0.8018,246,2
1778392088.6041,-1.5076,17.7735,4.9289,-3.0699,21.2637,4.9331,3.8239,-0.0096,-0.3671,0.2356,-0.2470,156.5000,-258.5000,1.2384,4.7940,-0.7845,246,2
1778392088.6141,-1.5076,17.7735,4.9289,-3.0699,21.2637,4.9331,3.8239,-0.0096,-0.3671,0.2356,-0.2470,156.5000,-258.5000,1.2163,4.7955,-0.7762,246,2
1778392088.6241,-1.5076,17.7735,4.9289,-3.0699,21.2637,4.9331,3.8239,0.0008,-0.3900,0.2772,-0.3384,183.0000,-256.0000,1.1945,4.7969,-0.7660,246,2
1778392088.6341,-1.4734,17.9305,4.9587,-3.0136,21.2706,4.9282,3.6783,0.0008,-0.3900,0.2772,-0.3384,183.0000,-256.0000,1.1735,4.7979,-0.7519,251,2
1778392088.6441,-1.4734,17.9305,4.9587,-3.0136,21.2706,4.9282,3.6783,0.0080,-0.4092,0.2772,-0.3384,208.5000,-254.0000,1.1331,4.7993,-0.7149,255,2
1778392088.6541,-1.4734,17.9305,4.9587,-3.0136,21.2706,4.9282,3.6783,0.0080,-0.4092,0.2772,-0.3384,208.5000,-254.0000,1.1138,4.7996,-0.6922,255,2
1778392088.6641,-1.4365,18.0908,4.9821,-2.9535,21.2682,4.9395,3.5213,0.0080,-0.4092,0.2772,-0.3384,208.5000,-254.0000,1.0951,4.7998,-0.6674,255,2
1778392088.6741,-1.4365,18.0908,4.9821,-2.9535,21.2682,4.9395,3.5213,0.0102,-0.4115,0.3149,-0.4245,204.5000,-251.5000,1.0763,4.7998,-0.6414,255,2
1778392088.6841,-1.4365,18.0908,4.9821,-2.9535,21.2682,4.9395,3.5213,0.0102,-0.4115,0.3149,-0.4245,204.5000,-251.5000,1.0387,4.7992,-0.5875,255,2
1778392088.6941,-1.3903,18.2461,5.0397,-2.8928,21.2699,4.9401,3.3780,0.0095,-0.4163,0.3149,-0.4245,204.5000,-251.5000,1.0199,4.7986,-0.5597,261,2
1778392088.7041,-1.3903,18.2461,5.0397,-2.8928,21.2699,4.9401,3.3780,0.0095,-0.4163,0.3149,-0.4245,204.5000,-251.5000,1.0010,4.7979,-0.5305,261,2
1778392088.7141,-1.3903,18.2461,5.0397,-2.8928,21.2699,4.9401,3.3780,0.0095,-0.4163,0.3149,-0.4245,204.5000,-251.5000,0.9822,4.7969,-0.5005,261,2
1778392088.7241,-1.3903,18.2461,5.0397,-2.8928,21.2699,4.9401,3.3780,0.0120,-0.4097,0.3149,-0.4245,189.5000,-240.5000,0.9441,4.7945,-0.4401,261,2
1778392088.7341,-1.3827,18.4017,5.0676,-2.8359,21.2720,4.9377,3.2198,0.0120,-0.4097,0.3149,-0.4245,189.5000,-240.5000,0.9245,4.7930,-0.4107,275,2
1778392088.7441,-1.3827,18.4017,5.0676,-2.8359,21.2720,4.9377,3.2198,0.0182,-0.4225,0.3149,-0.4245,202.5000,-231.5000,0.9040,4.7911,-0.3817,275,2
1778392088.7541,-1.3827,18.4017,5.0676,-2.8359,21.2720,4.9377,3.2198,0.0182,-0.4225,0.3149,-0.4245,202.5000,-231.5000,0.8832,4.7891,-0.3532,275,2
1778392088.7641,-1.3649,18.5706,5.0689,-2.7676,21.2703,4.9447,3.0449,0.0182,-0.4225,0.3149,-0.4245,202.5000,-231.5000,0.8622,4.7869,-0.3247,291,2
1778392088.7741,-1.3649,18.5706,5.0689,-2.7676,21.2703,4.9447,3.0449,0.0259,-0.4500,0.3778,-0.5785,236.5000,-227.5000,0.8192,4.7819,-0.2672,291,2
1778392088.7841,-1.3649,18.5706,5.0689,-2.7676,21.2703,4.9447,3.0449,0.0259,-0.4500,0.3778,-0.5785,236.5000,-227.5000,0.7972,4.7790,-0.2385,296,2
1778392088.7941,-1.3251,18.7241,5.0600,-2.7130,21.2763,4.9357,2.9078,0.0352,-0.4719,0.4150,-0.6662,264.0000,-220.0000,0.7747,4.7760,-0.2102,296,2
1778392088.8041,-1.3251,18.7241,5.0600,-2.7130,21.2763,4.9357,2.9078,0.0352,-0.4719,0.4150,-0.6662,264.0000,-220.0000,0.7306,4.7693,-0.1500,296,2
1778392088.8141,-1.3251,18.7241,5.0600,-2.7130,21.2763,4.9357,2.9078,0.0352,-0.4719,0.4150,-0.6662,264.0000,-220.0000,0.7092,4.7658,-0.1175,305,2
1778392088.8241,-1.3251,18.7241,5.0600,-2.7130,21.2763,4.9357,2.9078,0.0371,-0.4802,0.4150,-0.6662,267.5000,-214.5000,0.6883,4.7622,-0.0833,305,2
1778392088.8341,-1.3135,18.8800,5.0686,-2.6646,21.2768,4.9360,2.7546,0.0371,-0.4802,0.4150,-0.6662,267.5000,-214.5000,0.6681,4.7585,-0.0472,305,2
1778392088.8441,-1.3135,18.8800,5.0686,-2.6646,21.2768,4.9360,2.7546,0.0349,-0.4843,0.4150,-0.6662,267.5000,-214.5000,0.6281,4.7506,0.0285,305,2
1778392088.8541,-1.3135,18.8800,5.0686,-2.6646,21.2768,4.9360,2.7546,0.0349,-0.4843,0.4150,-0.6662,267.5000,-214.5000,0.6082,4.7463,0.0669,318,2
1778392088.8641,-1.2871,19.0378,5.0489,-2.6149,21.2867,4.9414,2.6139,0.0349,-0.4843,0.4150,-0.6662,267.5000,-214.5000,0.5880,4.7418,0.1049,318,2
1778392088.8741,-1.2871,19.0378,5.0489,-2.6149,21.2867,4.9414,2.6139,0.0305,-0.4809,0.4150,-0.6662,251.0000,-203.0000,0.5670,4.7369,0.1424,318,2
1778392088.8841,-1.2871,19.0378,5.0489,-2.6149,21.2867,4.9414,2.6139,0.0305,-0.4809,0.4150,-0.6662,251.0000,-203.0000,0.5230,4.7259,0.2144,318,2
1778392088.8941,-1.2807,19.1926,5.0529,-2.5553,21.2942,4.9338,2.4608,0.0236,-0.4893,0.4150,-0.6662,251.0000,-203.0000,0.5001,4.7199,0.2492,336,2
1778392088.9044,-1.2807,19.1926,5.0529,-2.5553,21.2942,4.9338,2.4608,0.0236,-0.4893,0.4150,-0.6662,251.0000,-203.0000,0.4768,4.7134,0.2839,336,2
1778392088.9141,-1.2807,19.1926,5.0529,-2.5553,21.2942,4.9338,2.4608,0.0236,-0.4893,0.4150,-0.6662,251.0000,-203.0000,0.4529,4.7067,0.3180,336,2
1778392088.9241,-1.2542,19.3415,5.0540,-2.5129,21.3075,4.9365,2.3374,0.0260,-0.5003,0.3779,-0.7798,260.0000,-193.0000,0.4034,4.6920,0.3837,336,2
1778392088.9341,-1.2542,19.3415,5.0540,-2.5129,21.3075,4.9365,2.3374,0.0260,-0.5003,0.3779,-0.7798,260.0000,-193.0000,0.3774,4.6840,0.4152,351,2
1778392088.9441,-1.2542,19.3415,5.0540,-2.5129,21.3075,4.9365,2.3374,0.0317,-0.5277,0.4010,-0.8896,293.5000,-191.0000,0.3507,4.6756,0.4456,351,2
1778392088.9541,-1.2542,19.3415,5.0540,-2.5129,21.3075,4.9365,2.3374,0.0317,-0.5277,0.4010,-0.8896,293.5000,-191.0000,0.3227,4.6667,0.4736,351,2
1778392088.9641,-1.2398,19.4959,5.0371,-2.4418,21.3037,4.9344,2.1734,0.0317,-0.5277,0.4010,-0.8896,293.5000,-191.0000,0.2605,4.6468,0.5188,366,2
1778392088.9741,-1.2398,19.4959,5.0371,-2.4418,21.3037,4.9344,2.1734,0.0302,-0.5665,0.3947,-1.0447,336.0000,-205.5000,0.2278,4.6361,0.5388,366,2
1778392088.9841,-1.2398,19.4959,5.0371,-2.4418,21.3037,4.9344,2.1734,0.0302,-0.5665,0.3947,-1.0447,336.0000,-205.5000,0.1944,4.6251,0.5581,392,2
1778392088.9941,-1.2133,19.6471,5.0266,-2.3803,21.3075,4.9284,2.0319,0.0146,-0.5835,0.3947,-1.0447,344.0000,-230.0000,0.1606,4.6136,0.5768,392,2
1778392089.0041,-1.2133,19.6471,5.0266,-2.3803,21.3075,4.9284,2.0319,0.0146,-0.5835,0.3947,-1.0447,344.0000,-230.0000,0.0867,4.5876,0.6038,392,2
1778392089.0141,-1.2133,19.6471,5.0266,-2.3803,21.3075,4.9284,2.0319,0.0146,-0.5835,0.3947,-1.0447,344.0000,-230.0000,0.0465,4.5731,0.6122,392,2
1778392089.0241,-1.2155,19.7987,5.0113,-2.3163,21.3108,4.9409,1.8718,0.0054,-0.5956,0.2958,-1.1609,344.0000,-230.0000,0.0044,4.5574,0.6174,392,2
1778392089.0342,-1.2155,19.7987,5.0113,-2.3163,21.3108,4.9409,1.8718,0.0054,-0.5956,0.2958,-1.1609,344.0000,-230.0000,-0.0401,4.5403,0.6190,427,2
1778392089.0441,-1.2155,19.7987,5.0113,-2.3163,21.3108,4.9409,1.8718,-0.0027,-0.5891,0.2958,-1.1609,324.5000,-221.5000,-0.1358,4.5017,0.6131,427,2
1778392089.0541,-1.2155,19.7987,5.0113,-2.3163,21.3108,4.9409,1.8718,-0.0027,-0.5891,0.2958,-1.1609,324.5000,-221.5000,-0.1906,4.4788,0.5985,466,2
1778392089.0641,-1.2259,19.9449,4.9800,-2.2651,21.3077,4.9287,1.7146,-0.0027,-0.5891,0.2958,-1.1609,324.5000,-221.5000,-0.2488,4.4538,0.5786,466,2
1778392089.0741,-1.2259,19.9449,4.9800,-2.2651,21.3077,4.9287,1.7146,-0.0231,-0.6106,0.1818,-1.2211,327.0000,-233.0000,-0.3095,4.4270,0.5555,466,2
1778392089.0841,-1.2259,19.9449,4.9800,-2.2651,21.3077,4.9287,1.7146,-0.0231,-0.6106,0.1818,-1.2211,327.0000,-233.0000,-0.4335,4.3696,0.5058,466,2
1778392089.0941,-1.2282,20.0912,4.9697,-2.2117,21.3104,4.9243,1.5670,-0.0347,-0.6232,0.1818,-1.2211,327.0000,-233.0000,-0.4937,4.3405,0.4847,502,2
1778392089.1041,-1.2282,20.0912,4.9697,-2.2117,21.3104,4.9243,1.5670,-0.0347,-0.6232,0.1818,-1.2211,327.0000,-233.0000,-0.5507,4.3119,0.4704,502,2
1778392089.1141,-1.2282,20.0912,4.9697,-2.2117,21.3104,4.9243,1.5670,-0.0347,-0.6232,0.1818,-1.2211,327.0000,-233.0000,-0.6054,4.2837,0.4601,524,2
1778392089.1241,-1.2354,20.2380,4.9430,-2.1691,21.3015,4.9360,1.4152,-0.0449,-0.7047,0.0943,-1.5975,418.0000,-291.0000,-0.7135,4.2260,0.4402,524,2
1778392089.1342,-1.2354,20.2380,4.9430,-2.1691,21.3015,4.9360,1.4152,-0.0449,-0.7047,0.0943,-1.5975,418.0000,-291.0000,-0.7693,4.1956,0.4262,524,2
1778392089.1441,-1.2354,20.2380,4.9430,-2.1691,21.3015,4.9360,1.4152,-0.0570,-0.7136,0.0943,-1.5975,418.0000,-291.0000,-0.8261,4.1641,0.4085,541,2
1778392089.1541,-1.2354,20.2380,4.9430,-2.1691,21.3015,4.9360,1.4152,-0.0570,-0.7136,0.0943,-1.5975,418.0000,-291.0000,-0.8826,4.1322,0.3893,541,2
1778392089.1641,-1.2757,20.3672,4.9030,-2.1164,21.2867,4.9704,1.2478,-0.0570,-0.7136,0.0943,-1.5975,418.0000,-291.0000,-0.9909,4.0697,0.3531,541,2
1778392089.1741,-1.2757,20.3672,4.9030,-2.1164,21.2867,4.9704,1.2478,-0.0645,-0.6764,0.0162,-1.4844,366.5000,-237.5000,-1.0439,4.0381,0.3335,541,2
1778392089.1841,-1.2757,20.3672,4.9030,-2.1164,21.2867,4.9704,1.2478,-0.0645,-0.6764,0.0162,-1.4844,366.5000,-237.5000,-1.0967,4.0058,0.3109,541,2
1778392089.4291,-1.5738,21.1717,4.8768,-1.7988,21.3770,5.0436,0.3473,-0.0771,-0.6819,0.0162,-1.4844,366.5000,-237.5000,-4.2163,1.4351,-0.0803,-1,4

# ========== 统计摘要 ==========
# 总检测帧数,130
# 累计丢失帧数,0
# 最近接距离(m),0.3473
# 命中时刻(s),1778392089.4291
